"","municipio_ejecucion_2","numero_contratos","numero_entidades","numero_contratistas","grado_importancia","valor_agregado","peso_relatico_municipal","IHH_frecuencia","IHH_valor","DN"
"1","amazonas-elencanto",22,6,16,7,23.9,2.2,743.801652892562,4726.29244632679,0.0303030303030303
"2","amazonas-lachorrera",11,1,10,7,29.5,2.8,1074.38016528926,1822.24105476801,0.0181818181818182
"3","amazonas-lapedrera",6,1,4,7,26.6,2.5,2777.77777777778,8905.8571049299,0.133333333333333
"4","amazonas-lavictoria",4,1,4,7,5.3,0.5,2500,3441.23886802866,0
"5","amazonas-leticia",769,1,381,3,692.8,64.7,66.0679348147747,1960.3415125653,0.00531331274382315
"6","amazonas-miriti-parana",1,1,1,7,7.7,0.7,10000,10000,NA
"7","amazonas-puertoalegria",1,1,1,7,11.5,1.1,10000,10000,NA
"8","amazonas-puertoarica",3,1,2,7,7.1,0.7,5555.55555555555,6629.40238395957,0.333333333333333
"9","amazonas-puertonarino",15,1,14,5,223.3,20.9,755.555555555556,3139.91422370956,0.00952380952380952
"10","amazonas-puertosantander",5,1,5,7,15.8,1.5,2000,2415.05708515796,0
"11","amazonas-tarapaca",3,1,3,7,26.7,2.5,3333.33333333333,4616.908438326,0
"12","antioquia-abejorral",293,49,199,5,207.3,0.2,158.301203275519,2592.30936231667,0.0124596755341531
"13","antioquia-abriaqui",16,3,15,7,21.6,0,703.125,1277.00747059025,0.00833333333333333
"14","antioquia-alejandria",183,2,83,6,100.8,0.1,168.712114425632,1125.64322668995,0.0114694049120279
"15","antioquia-amaga",209,2,137,4,410.1,0.3,100.959227123921,528.22642714497,0.00533676849466323
"16","antioquia-amalfi",150,3,74,4,353.7,0.3,180.444444444444,475.729976175411,0.0114541387024609
"17","antioquia-andes",1,1,1,3,665.6,0.6,10000,10000,NA
"18","antioquia-angelopolis",889,2,240,6,99.6,0.1,299.283455709769,284.903363564534,0.0288359225367099
"19","antioquia-angostura",148,1,77,6,155.2,0.1,232.834185536888,726.806791112278,0.0166390880676595
"20","antioquia-anori",903,2,301,5,260.2,0.2,60.6934679406286,517.972037170184,0.00496742810979907
"21","antioquia-anza",187,1,94,6,95.2,0.1,215.90551631445,272.428802055882,0.0163302857800012
"22","antioquia-apartado",12,6,12,2,2132,1.8,833.333333333333,1254.30786430622,0
"23","antioquia-arboletes",2090,3,663,4,396.8,0.3,25.4389780453744,3562.91581549806,0.00206641762158126
"24","antioquia-argelia",243,3,121,7,83,0.1,170.875035987062,9689.30820089263,0.0130258817127504
"25","antioquia-armenia",197,4,100,7,72.3,0.1,190.93509237548,336.861970010391,0.0140888842846783
"26","antioquia-barbosa",346,4,188,3,1014.7,0.8,78.8532861104614,908.237480699861,0.00500963391136802
"27","antioquia-bello",22148,6,2475,2,4450.2,3.7,216.028289045644,268.526142544922,0.0215586514913212
"28","antioquia-belmira",184,4,90,6,92.4,0.1,187.26370510397,4691.85027928128,0.0133642195295795
"29","antioquia-betania",2,1,2,6,147.5,0.1,5000,6401.3877599976,0
"30","antioquia-betulia",1553,3,338,5,200.2,0.2,151.450633113982,707.673228523042,0.0145104918315731
"31","antioquia-briceno",154,2,86,7,71.2,0.1,182.155506830831,319.439786523932,0.0117986588574824
"32","antioquia-buritica",426,2,162,7,73.2,0.1,113.954462298045,484.649842819292,0.00906931786799227
"33","antioquia-caceres",343,1,208,4,433,0.4,71.3138233219152,678.578237488844,0.00422825771912775
"34","antioquia-caicedo",290,2,123,6,91.7,0.1,172.889417360285,746.971918010285,0.0138885574513781
"35","antioquia-caldas",7038,3,613,3,1082.5,0.9,287.945655464619,561.770128435412,0.0286565514162283
"36","antioquia-campamento",263,3,120,7,66,0.1,152.814121933236,658.189804767147,0.0115229443009317
"37","antioquia-caracoli",178,1,78,7,55.8,0,201.363464209064,362.573193140338,0.0146003935758268
"38","antioquia-caramanta",104,1,67,7,63.8,0.1,227.440828402367,558.132456270194,0.0132561613144137
"39","antioquia-carepa",232,1,96,3,1089.1,0.9,358.576099881094,2322.12410394553,0.0316838334079713
"40","antioquia-carolinadelprincipe",144,2,89,7,62.3,0.1,153.356481481481,480.117301651937,0.00844988344988345
"41","antioquia-caucasia",701,2,97,3,1090.5,0.9,2979.86776583686,2925.15312058908,0.296983900550234
"42","antioquia-chigorodo",630,3,227,3,863.1,0.7,188.712522045855,1789.66926140921,0.017311429076135
"43","antioquia-cisneros",397,3,177,6,104.8,0.1,100.057737819541,451.598159949051,0.00750578836221154
"44","antioquia-ciudadbolivar",2976,1,356,4,336.6,0.3,270.488278991791,623.377413145034,0.0267217854883889
"45","antioquia-cocorna",531,2,180,6,143.1,0.1,95.9352534570384,549.921202612798,0.00772483388409196
"46","antioquia-concepcion",65,1,43,7,53,0,286.390532544379,1037.94212203434,0.0134615384615385
"47","antioquia-concordia",496,1,158,5,253.3,0.2,94.6279916753382,466.410132672019,0.00746171391332682
"48","antioquia-copacabana",699,1,275,3,1004.8,0.8,69.1566329172474,759.294445889476,0.00549290636234326
"49","antioquia-dabeiba",600,1,201,5,318.3,0.3,104.5,828.302051405497,0.00879799666110184
"50","antioquia-donmatias",130,1,97,4,495.2,0.4,123.076923076923,281.72304363724,0.00465116279069767
"51","antioquia-ebejico",257,2,101,6,142.8,0.1,161.849535950582,611.879642377958,0.0123419260700389
"52","antioquia-elbagre",224,1,92,3,1025.9,0.9,231.186224489796,2448.64116188895,0.0187379884689302
"53","antioquia-elcarmendeviboral",98,2,64,4,474.5,0.4,185.339441899209,2198.94413302963,0.00841573742899222
"54","antioquia-elpenol",1,1,1,6,151.1,0.1,10000,10000,NA
"55","antioquia-elsantuario",625,2,294,5,308.5,0.3,56.2432,489.164365237062,0.00403076923076923
"56","antioquia-entrerrios",45,3,33,4,380.4,0.3,360.493827160494,7808.82760329398,0.0141414141414141
"57","antioquia-envigado",8,5,8,2,7245.5,6,1250,4219.7319287265,0
"58","antioquia-fredonia",1584,4,240,5,270.7,0.2,683.245013263953,519.569437157806,0.067735950790278
"59","antioquia-frontino",374,1,167,5,192.5,0.2,107.38082301467,683.402394543428,0.00808590557841465
"60","antioquia-giraldo",286,3,138,7,37.8,0,112.474937649763,466.489991833599,0.00777818672555515
"61","antioquia-girardota",1576,3,384,2,1683.4,1.4,130.09224664382,350.27401488265,0.0123825638546451
"62","antioquia-gomezplata",414,1,178,5,320.4,0.3,94.7513360871899,157.518348701027,0.00707676831479337
"63","antioquia-granada",158,3,82,7,69.8,0.1,182.663034770069,369.973809496059,0.0120132226074337
"64","antioquia-guadalupe",2,2,2,7,61.5,0.1,5000,5435.01973689151,0
"65","antioquia-guarne",1,1,1,3,1146.1,1,10000,10000,NA
"66","antioquia-guatape",1106,1,316,5,272.2,0.2,384.635507784271,285.477473376087,0.0375933820460998
"67","antioquia-heliconia",221,3,93,6,149.6,0.1,180.381237075408,457.418572122288,0.0135746606334842
"68","antioquia-hispania",844,3,139,7,55.2,0,1023.11268839424,430.138586932496,0.101246394899732
"69","antioquia-itagui",12534,3,1065,2,6353.9,5.3,306.960058269718,422.625018512504,0.0306186656854116
"70","antioquia-ituango",482,3,213,5,211.2,0.2,86.1727587334929,274.967917472427,0.00655618912880324
"71","antioquia-jardin",4701,3,443,5,185.1,0.2,480.58904401979,605.236908005722,0.0478563637433412
"72","antioquia-jerico",323,2,125,5,217.4,0.2,128.919092486269,216.955158169462,0.00982635617175932
"73","antioquia-laceja",649,2,173,3,558.2,0.5,543.564711384826,1310.68285927089,0.0528971447050543
"74","antioquia-laestrella",2565,2,188,2,1265.9,1.1,932.789196295916,281.437169529863,0.0929252842628325
"75","antioquia-lapintada",113,2,58,6,128.8,0.1,213.799044561046,481.731058737498,0.0126422250316056
"76","antioquia-launion",1596,2,242,5,252.7,0.2,477.242605260017,459.95694736397,0.0471272224448268
"77","antioquia-liborina",2,2,2,6,101.5,0.1,5000,8381.89872562914,0
"78","antioquia-maceo",372,2,140,6,92.9,0.1,149.728292288126,441.296359838662,0.0123177694693215
"79","antioquia-marinilla",412,5,234,3,724,0.6,68.3382034121972,330.590109941915,0.00441735761698911
"80","antioquia-medellin",97565,54,8258,1,54530.7,45.5,59.4677780052514,74.0169890918743,0.00593658907084822
"81","antioquia-montebello",485,3,222,6,117.8,0.1,85.322563503029,210.609410089789,0.0064837692766465
"82","antioquia-murindo",260,2,166,7,34.7,0,95.2662721893491,192.553387558024,0.0057024057024057
"83","antioquia-mutata",1,1,1,5,216.3,0.2,10000,10000,NA
"84","antioquia-narino",246,3,136,6,140.3,0.1,110.384030669575,270.699097217542,0.00700182512029202
"85","antioquia-nechi",306,2,197,5,311.1,0.3,119.398521936008,2163.2190265491,0.00870031072538305
"86","antioquia-necocli",2355,3,427,3,607.8,0.5,510.100477368926,334.644510954181,0.0506069084198735
"87","antioquia-olaya",302,1,80,7,29.5,0,1899.69738169379,532.670878256532,0.187278607731403
"88","antioquia-peque",537,1,208,7,82.7,0.1,86.3823781335719,311.803236201361,0.00678868228688957
"89","antioquia-pueblorrico",196,2,95,7,81.3,0.1,176.488962932112,290.779493962574,0.012611198325484
"90","antioquia-puertoberrio",221,3,36,3,581,0.5,4520.17771953891,6415.77936355339,0.449526943644591
"91","antioquia-puertonare",315,2,159,4,405.2,0.3,126.077097505669,1666.40640946814,0.0094631483166515
"92","antioquia-puertotriunfo",237,3,82,5,192.8,0.2,515.052787124571,1770.85959203758,0.0474862332832725
"93","antioquia-remedios",841,1,347,4,454.5,0.4,49.0469841548126,685.104843359111,0.00372006115169016
"94","antioquia-rionegro",2,2,2,2,3081.9,2.6,5000,5541.76392349356,0
"95","antioquia-sabanalarga",684,1,237,7,75,0.1,103.920864539516,322.559520097696,0.00894317296413312
"96","antioquia-sabaneta",4,3,4,2,2469.3,2.1,2500,5595.09517387828,0
"97","antioquia-salgar",914,1,206,5,187.8,0.2,476.899578164128,229.667646811951,0.0466469019104067
"98","antioquia-sanandresdecuerquia",161,1,95,7,63.7,0.1,134.639867289071,354.71107932659,0.00729813664596273
"99","antioquia-sancarlos",258,1,109,3,724,0.6,147.527191875488,294.26640291572,0.0109190721804965
"100","antioquia-sanfrancisco",205,2,105,7,49.3,0,133.491969066032,245.342763745038,0.00851267336202774
"101","antioquia-sanjeronimo",460,3,190,6,137.2,0.1,82.703213610586,224.822220501779,0.00610969025291276
"102","antioquia-sanjosedelamontana",168,1,67,7,42.1,0,245.890022675737,1040.34864616194,0.0187482178500143
"103","antioquia-sanjuandeuraba",577,3,236,4,344,0.3,73.9196645531029,266.441207598632,0.00566868861929521
"104","antioquia-sanluis",1191,1,401,6,109.4,0.1,68.89764473405,601.878781752005,0.0060552180569961
"105","antioquia-sanpedrodelosmilagros",2,1,2,3,878,0.7,5000,5043.05994927722,0
"106","antioquia-sanpedrodeuraba",1362,2,545,5,289.7,0.2,34.9102231537365,1475.48625520762,0.00275883350002859
"107","antioquia-sanrafael",2,1,2,5,186.1,0.2,5000,5000.47308868372,0
"108","antioquia-sanroque",430,2,209,6,175.4,0.1,82.8555976203353,747.55198474868,0.00597387109015016
"109","antioquia-santabarbara",1060,1,330,5,255.6,0.2,55.3399786400854,1014.80817249084,0.00459493648333244
"110","antioquia-santafedeantioquia",938,3,429,5,300.9,0.3,39.0978400716491,991.654116455175,0.00284672080973392
"111","antioquia-santarosadeosos",140,6,74,3,679.6,0.6,183.673469387755,3897.00049633427,0.0113052415210689
"112","antioquia-santodomingo",164,3,76,5,210.1,0.2,233.491969066032,1089.76612935156,0.0173574741882388
"113","antioquia-sanvicente",3,1,3,5,230.5,0.2,3333.33333333333,3940.8750152736,0
"114","antioquia-segovia",1188,3,360,3,667,0.6,85.0961919985489,4156.31724947955,0.00767432823035182
"115","antioquia-sonson",5432,2,721,3,859.1,0.7,380.858887821257,345.117494433813,0.0379087733132953
"116","antioquia-sopetran",925,3,245,6,125,0.1,416.479181884587,234.999589356756,0.0406107406107406
"117","antioquia-tamesis",573,1,161,5,199.6,0.2,122.346792394214,196.817906318261,0.0105078167905393
"118","antioquia-taraza",256,3,155,4,425.9,0.4,92.1630859375,2034.86658444925,0.00533088235294118
"119","antioquia-tarso",680,2,196,7,83.9,0.1,115.138408304498,378.930933007464,0.0100580438360911
"120","antioquia-titiribi",67,1,51,6,129.6,0.1,229.449766094899,560.119036924238,0.00814111261872456
"121","antioquia-toledo",260,3,115,7,66.2,0.1,139.05325443787,200.035908027946,0.0100980100980101
"122","antioquia-turbo",2,2,2,2,2665,2.2,5000,6276.63074543469,0
"123","antioquia-uramita",528,1,131,7,69.9,0.1,229.855371900826,264.621137193561,0.0211316198033466
"124","antioquia-urrao",816,1,348,4,361.3,0.3,43.6130334486736,170.879843387427,0.00313966077228437
"125","antioquia-valdivia",717,3,322,6,176.4,0.1,53.2398086712612,6117.87493560695,0.00393476854990144
"126","antioquia-vegachi",137,3,73,6,141.9,0.1,225.371623421599,658.842931601037,0.0153499355946758
"127","antioquia-venecia",1922,1,248,6,139.6,0.1,518.163636777074,542.737716324265,0.0513227751111679
"128","antioquia-vigiadelfuerte",9,2,8,7,66.1,0.1,1358.02469135802,8677.48794452594,0.0277777777777778
"129","antioquia-yali",693,1,268,7,72.1,0.1,78.5217668334551,750.037215684224,0.0064184370542752
"130","antioquia-yarumal",2,2,2,3,551.8,0.5,5000,6878.25182101977,0
"131","antioquia-yolombo",2557,2,213,5,233.7,0.2,690.241378081502,2031.22633709299,0.0686599062501721
"132","antioquia-zaragoza",23,1,21,3,590.7,0.5,548.20415879017,1642.57863053205,0.0118577075098814
"133","arauca-arauca",1500,4,389,2,1884.7,42.6,84.1155555555556,142.821514190399,0.0077500555926173
"134","arauca-arauquita",3951,1,441,3,817.4,18.5,51.3305199526905,98.4694715123114,0.00488118694514127
"135","arauca-cravonorte",990,1,127,7,47.8,1.1,195.877971635547,187.777547147338,0.018596480477168
"136","arauca-fortul",1840,1,193,5,268.5,6.1,108.82561436673,219.99082141418,0.0103447052982481
"137","arauca-puertorondon",862,2,104,7,71.4,1.6,216.057191767917,216.287802371696,0.0204693727414569
"138","arauca-saravena",979,2,334,3,547.8,12.4,67.2654863470991,177.816708552271,0.00571093160877403
"139","arauca-tame",4232,1,405,3,791.5,17.9,51.846405637487,138.302685759568,0.00494951521290109
"140","atlantico-baranoa",1769,11,449,3,691.6,2,37.8256135997093,240.092824004427,0.00321908995802522
"141","atlantico-barranquilla",1080,7,323,1,24184.3,68.5,120.387517146776,516.058670686069,0.0111231249785467
"142","atlantico-campodelacruz",514,1,169,6,105.5,0.3,104.619297794062,504.718927633374,0.00853300566591576
"143","atlantico-malambo",109,1,100,2,1694.1,4.8,108.576719131386,506.887095210886,0.00169894665307509
"144","atlantico-manati",3,1,3,6,111.4,0.3,3333.33333333333,3970.2479338843,0
"145","atlantico-palmardevarela",1097,1,190,6,146.8,0.4,84.352036589389,791.772020993192,0.00753049125351822
"146","atlantico-polonuevo",85,1,62,6,122.6,0.3,197.923875432526,1042.01632252444,0.00812324929971989
"147","atlantico-ponedera",95,1,86,6,175.6,0.5,125.207756232687,319.975805417047,0.00201567749160134
"148","atlantico-puertocolombia",61,1,28,5,324.6,0.9,846.546627250739,4230.94328933409,0.0693989071038251
"149","atlantico-sabanalarga",1,1,1,3,600.9,1.7,10000,10000,NA
"150","atlantico-santalucia",1,1,1,7,66.5,0.2,10000,10000,NA
"151","atlantico-santotomas",124,2,80,6,166.3,0.5,172.996878251821,1950.41075538109,0.00931025439286651
"152","atlantico-soledad",10177,2,1360,2,5209.3,14.7,13.8211029424948,71.2378215878063,0.001283975674585
"153","atlantico-suan",905,2,221,7,56.5,0.2,95.5648484478496,254.462948279027,0.00846086148731237
"154","bogotadc-bogotadc",43763,55,17379,1,205023.7,100,2.07600754446258,745.677382227957,0.000184754623116667
"155","bolivar-achi",7,7,7,6,172.5,0.6,1428.57142857143,2783.31415965613,0
"156","bolivar-arenal",3,1,3,7,77.5,0.3,3333.33333333333,4300.78612146791,0
"157","bolivar-arjona",1147,2,352,4,432.7,1.6,44.6865292043457,275.105295940632,0.00359995191949254
"158","bolivar-arroyohondo",1,1,1,7,50.2,0.2,10000,10000,NA
"159","bolivar-barrancodeloba",41,2,39,6,89.2,0.3,267.697798929209,653.745835294893,0.0024390243902439
"160","bolivar-calamar",677,2,142,6,145.5,0.5,101.084592072507,276.58062690233,0.00864412260844484
"161","bolivar-cantagallo",4,2,3,4,383,1.4,3750,9757.12193505898,0.166666666666667
"162","bolivar-cartagena",2020,9,1009,1,18885.8,70.3,20.4783844721106,681.237475295752,0.00155355803039442
"163","bolivar-cordoba",1,1,1,7,74.8,0.3,10000,10000,NA
"164","bolivar-elcarmendebolivar",64,2,26,4,452.9,1.7,639.6484375,4569.77858302422,0.0491071428571429
"165","bolivar-elguamo",232,1,45,7,56.2,0.2,364.892984542212,387.641852031858,0.0323182564561875
"166","bolivar-hatillodeloba",93,1,56,7,62.1,0.2,216.209966470112,433.190828352642,0.0109864422627396
"167","bolivar-magangue",395,2,211,3,1079.9,4,85.6913956096779,1104.66026562102,0.00605281758015807
"168","bolivar-marialabaja",5,1,5,4,328,1.2,2000,2767.53542029284,0
"169","bolivar-mompos",636,1,255,5,298,1.1,60.3219809342985,129.088045716564,0.00446689446838013
"170","bolivar-montecristo",36,1,29,6,103,0.4,385.802469135802,622.87752559185,0.0111111111111111
"171","bolivar-rioviejo",2,1,2,6,102,0.4,5000,5366.13631058872,0
"172","bolivar-sancristobal",1,1,1,7,30.3,0.1,10000,10000,NA
"173","bolivar-sanestanislaodekostka",1,1,1,6,96.7,0.4,10000,10000,NA
"174","bolivar-sanfernando",5,2,5,7,63.7,0.2,2000,5945.6686455017,0
"175","bolivar-sanjacinto",111,2,69,6,168.9,0.6,195.601006411817,1728.432964193,0.0106470106470106
"176","bolivar-sanjacintodelcauca",21,1,21,6,101.1,0.4,476.190476190476,809.651318367232,0
"177","bolivar-sanjuannepomuceno",2958,1,482,5,244.7,0.9,62.5594016021461,653.343555371973,0.00591987520930497
"178","bolivar-sanmartindeloba",358,2,216,6,94.4,0.4,63.2002746481071,2597.23346171693,0.00353661017479618
"179","bolivar-sanpablo",1,1,1,5,300.6,1.1,10000,10000,NA
"180","bolivar-santacatalina",2,1,2,6,90.2,0.3,5000,9092.97052154195,0
"181","bolivar-santarosadelima",29,2,29,6,111.3,0.4,344.827586206897,614.312371960797,0
"182","bolivar-santarosadelsur",1396,1,478,5,268.6,1,44.4064498649436,211.891173478314,0.003726982366413
"183","bolivar-simiti",336,2,196,4,384.4,1.4,77.7706916099773,5436.32730654824,0.00481520966595593
"184","bolivar-villanueva",1,1,1,6,123.2,0.5,10000,10000,NA
"185","bolivar-zambrano",99,1,60,7,85.7,0.3,209.162330374452,547.759174911134,0.0109255823541538
"186","boyaca-almeida",88,18,55,7,14.2,0.1,327.995867768595,2192.71648915874,0.0216823406478579
"187","boyaca-aquitania",410,1,208,5,318,1.6,80.0713860797145,315.162162593837,0.00558172818892003
"188","boyaca-belen",126,1,63,6,140.7,0.7,241.874527588813,387.443472751805,0.0163809523809524
"189","boyaca-berbeo",1,1,1,7,15.4,0.1,10000,10000,NA
"190","boyaca-boavita",50,1,30,7,59.3,0.3,424,3351.61409415263,0.0228571428571429
"191","boyaca-boyaca",224,38,204,7,61.8,0.3,55.8035714285714,6103.2885462877,0.00112107623318386
"192","boyaca-briceno",104,1,59,7,20.8,0.1,269.970414201183,460.680620263526,0.0175504107542943
"193","boyaca-buenavista",130,1,52,7,41.3,0.2,366.863905325444,1391.91788632126,0.0292188431723315
"194","boyaca-busbanza",4,1,4,7,8,0,2500,3636.76539458443,0
"195","boyaca-caldas",1,1,1,7,83.1,0.4,10000,10000,NA
"196","boyaca-campohermoso",35,1,22,7,35.6,0.2,775.510204081633,3784.11289379109,0.0504201680672269
"197","boyaca-chinavita",11,2,9,7,33.2,0.2,1239.6694214876,1923.55910538893,0.0363636363636364
"198","boyaca-chiquinquira",1467,2,534,3,764.2,3.9,33.8415372226706,1946.84342297195,0.00270433390898075
"199","boyaca-chiquiza(sanpedrodeiguaque)",133,1,79,6,163.7,0.8,208.604217310193,360.917687962436,0.013442697653224
"200","boyaca-chiscas",23,2,16,7,36.7,0.2,775.047258979206,1333.13187833704,0.0355731225296443
"201","boyaca-chita",67,1,42,7,77,0.4,305.190465582535,310.266713427093,0.0158299412030755
"202","boyaca-combita",4,2,4,6,134.9,0.7,2500,7929.43431341853,0
"203","boyaca-covarachia",37,1,24,7,26.2,0.1,504.017531044558,544.614945580946,0.024024024024024
"204","boyaca-cucaita",1,1,1,7,51,0.3,10000,10000,NA
"205","boyaca-duitama",2778,6,915,2,1654.3,8.4,22.7929929752488,2259.16735998577,0.0019200192468578
"206","boyaca-elcocuy",235,3,121,7,54.9,0.3,158.080579447714,1027.86116720796,0.0116021094744499
"207","boyaca-elespino",18,1,17,7,31.9,0.2,617.283950617284,880.059969975564,0.0065359477124183
"208","boyaca-firavitoba",85,1,52,7,55.1,0.3,242.214532871972,557.216355352092,0.0126050420168067
"209","boyaca-gachantiva",330,2,110,7,25.8,0.1,200.550964187328,322.484793873246,0.0170765404807958
"210","boyaca-garagoa",209,1,92,6,150.9,0.8,239.234449760766,3981.28354022346,0.0192307692307692
"211","boyaca-guacamayas",11,2,10,7,13.9,0.1,1074.38016528926,1296.55391920625,0.0181818181818182
"212","boyaca-guateque",983,1,298,6,113.4,0.6,91.1218072440026,592.764765664757,0.00810312999194038
"213","boyaca-guayata",1,1,1,7,48.2,0.2,10000,10000,NA
"214","boyaca-guican",69,1,49,7,50.6,0.3,241.545893719807,437.600674501594,0.00980392156862745
"215","boyaca-labranzagrande",182,1,111,7,51.1,0.3,126.192488829851,296.938756435847,0.00716410661162042
"216","boyaca-lacapilla",1,1,1,7,22.1,0.1,10000,10000,NA
"217","boyaca-lauvita",1,1,1,7,31.1,0.2,10000,10000,NA
"218","boyaca-macanal",1,1,1,7,64.2,0.3,10000,10000,NA
"219","boyaca-maripi",81,1,45,7,59.7,0.3,315.500685871056,1276.56355515462,0.0194444444444444
"220","boyaca-miraflores",802,1,268,6,94.3,0.5,70.0244401465165,206.308418262337,0.00576274669132412
"221","boyaca-moniquira",860,2,253,5,233,1.2,121.822606814494,1829.06962359691,0.0110322982375396
"222","boyaca-motavita",178,2,72,6,113,0.6,233.55636914531,330.449226418551,0.0178378721513363
"223","boyaca-muzo",143,1,60,6,142.9,0.7,296.836031101765,890.100719603784,0.0228503890475721
"224","boyaca-nuevocolon",268,1,100,7,56.4,0.3,212.46380040098,652.008800725368,0.0175806361451171
"225","boyaca-otanche",81,1,63,7,83.6,0.4,181.374790428288,478.343273692878,0.0058641975308642
"226","boyaca-pachavita",3,2,3,7,24,0.1,3333.33333333333,3623.49415167654,0
"227","boyaca-paez",9,2,9,5,214.3,1.1,1111.11111111111,3417.76085199118,0
"228","boyaca-paipa",707,1,265,5,316.3,1.6,70.1211765953318,596.738376522243,0.00560561924262034
"229","boyaca-pajarito",4,2,3,7,26.5,0.1,3750,4360.72801452517,0.166666666666667
"230","boyaca-panqueba",3,1,2,7,14.2,0.1,5555.55555555555,8135.9681434101,0.333333333333333
"231","boyaca-pauna",253,1,113,7,76.9,0.4,182.005655454702,1073.89333893066,0.0143045360436665
"232","boyaca-paya",275,1,124,7,21,0.1,129.454545454545,292.565358794079,0.00934306569343066
"233","boyaca-pesca",237,1,120,7,63.1,0.3,219.87217148249,415.492280862997,0.0178430951870128
"234","boyaca-pisba",32,3,27,7,56.2,0.3,429.6875,746.351595941591,0.0120967741935484
"235","boyaca-puertoboyaca",2083,1,549,2,1520.8,7.7,35.3477583777783,1504.78754369353,0.0030561662200246
"236","boyaca-ramiriqui",378,1,189,6,112.4,0.6,88.7433162565437,1801.08930668137,0.00624535107293728
"237","boyaca-rondon",66,2,42,7,29.6,0.1,321.395775941231,1575.23544036496,0.0172494172494173
"238","boyaca-sachica",2,1,2,7,37.9,0.2,5000,6061.50530483312,0
"239","boyaca-samaca",666,2,232,5,261.2,1.3,74.0380019659299,620.463058571279,0.00591117433222696
"240","boyaca-sanluisdegaceno",130,1,85,7,70.5,0.4,162.130177514793,738.914609311851,0.00858676207513417
"241","boyaca-sanmateo",19,1,14,7,52.3,0.3,969.529085872576,2186.98166943831,0.0467836257309941
"242","boyaca-sanmigueldesema",72,1,49,7,36.6,0.2,339.506172839506,676.84775499027,0.0203442879499218
"243","boyaca-sanpablodeborbur",106,1,55,7,79.2,0.4,272.338910644357,481.547114998374,0.0179694519317161
"244","boyaca-santamaria",3,2,3,4,518.7,2.6,3333.33333333333,3719.72993682141,0
"245","boyaca-santana",179,1,76,7,79,0.4,186.947972909709,4290.97201684814,0.0131818467139539
"246","boyaca-santasofia",85,1,52,7,27.9,0.1,278.200692041522,458.563584965782,0.0162464985994398
"247","boyaca-sativanorte",12,1,12,7,24.7,0.1,833.333333333333,1606.77645649541,0
"248","boyaca-siachoque",1,1,1,5,206.8,1,10000,10000,NA
"249","boyaca-soata",1276,3,377,7,70.3,0.4,73.2353259107123,499.052796563254,0.00654496281271129
"250","boyaca-socha",204,2,72,5,208.8,1.1,273.933102652826,1739.8890827818,0.0226021443059983
"251","boyaca-socota",56,1,36,6,117.3,0.6,471.938775510204,2157.19723556055,0.0298701298701299
"252","boyaca-sogamoso",1538,4,407,2,1939.8,9.8,90.4016328435592,300.327210166967,0.00839542689091698
"253","boyaca-sora",155,1,86,7,28,0.1,184.391259105099,269.448080108309,0.0120653540008379
"254","boyaca-sotaquira",138,1,74,6,102.7,0.5,258.349086326402,610.494797007127,0.0187242145350682
"255","boyaca-sutamarchan",3,1,2,7,49.5,0.2,5555.55555555555,5125.35321881676,0.333333333333333
"256","boyaca-sutatenza",4,1,4,7,47.1,0.2,2500,2571.46275440208,0
"257","boyaca-tasco",146,1,61,7,67.7,0.3,371.5518859073,1169.50047152586,0.0305148795465281
"258","boyaca-tenza",1,1,1,7,62.1,0.3,10000,10000,NA
"259","boyaca-toca",232,1,97,6,149.9,0.8,182.446492271106,262.508559732225,0.0139946260635916
"260","boyaca-togui",256,1,103,7,50.1,0.3,172.119140625,402.858541474692,0.0133578431372549
"261","boyaca-tota",288,3,127,7,59.8,0.3,154.320987654321,284.330789347705,0.0120015485869144
"262","boyaca-tunja",3557,9,830,2,3099.8,15.6,53.1628803701223,687.223721830355,0.00503656820800127
"263","boyaca-tunungua",2,2,2,7,16.3,0.1,5000,9958.50640341285,0
"264","boyaca-turmeque",262,1,94,7,84,0.4,255.81259833343,940.749487602678,0.0218478546986049
"265","boyaca-tuta",6,1,4,4,384.2,1.9,2777.77777777778,6281.36743536815,0.133333333333333
"266","boyaca-umbita",60,1,41,6,117.7,0.6,400,1433.23718324306,0.023728813559322
"267","boyaca-ventaquemada",332,1,95,5,300.7,1.5,1356.32893017855,2508.51420813334,0.133021512029993
"268","boyaca-villadeleyva",291,1,118,6,159,0.8,201.107686494019,689.96041039585,0.0167318402654343
"269","boyaca-zetaquira",193,1,89,7,39.2,0.2,204.837713764128,369.687608616984,0.0153821243523316
"270","caldas-aguadas",1714,11,497,5,221.1,1.7,42.8076013446815,177.146284281815,0.00369948795708022
"271","caldas-anserma",1712,1,348,4,442,3.5,51.4578238274085,202.445674875395,0.00456433631750575
"272","caldas-aranzazu",614,2,198,6,114.3,0.9,93.8471495718787,135.263563726063,0.00776870307294185
"273","caldas-arauca",2,2,2,6,114.3,0.9,5000,5649.96066453792,0
"274","caldas-belalcazar",354,1,132,5,255.7,2,111.557981422963,321.69025997849,0.00835453978009315
"275","caldas-chinchina",2,1,2,3,1063.4,8.3,5000,5728.92561983471,0
"276","caldas-filadelfia",681,1,248,6,120.3,0.9,80.7528015507988,138.810522505865,0.00661656733177853
"277","caldas-ladorada",21,4,14,3,675.4,5.3,975.056689342404,1806.26232416135,0.0523809523809524
"278","caldas-lamerced",281,2,127,7,52.9,0.4,141.208951254417,151.703483834836,0.0105998983223183
"279","caldas-manizales",3846,15,821,2,6302.1,49.3,22.397671777906,432.470230148453,0.00198027166860407
"280","caldas-manzanares",2291,2,372,6,176.8,1.4,54.899507133316,113.908088604583,0.00505566684901428
"281","caldas-marmato",588,1,101,5,220,1.7,5357.54778101717,3419.23708445033,0.534963900381277
"282","caldas-marquetalia",133,1,97,6,115.6,0.9,138.504155124654,164.293174840004,0.00637958532695375
"283","caldas-marulanda",163,1,73,7,45.9,0.4,256.313749106101,502.346069570937,0.019616753768083
"284","caldas-montebonito",2,1,2,6,116.3,0.9,5000,9397.4669743519,0
"285","caldas-neira",965,1,262,5,235.7,1.8,65.4299444280383,106.519295764653,0.0055124373830972
"286","caldas-pacora",1027,2,269,6,177,1.4,64.6896027320762,226.109293982206,0.00550060643331796
"287","caldas-pensilvania",1143,1,278,5,190.7,1.5,63.7988930298848,80.6046945059904,0.00550981915351649
"288","caldas-riosucio",4209,2,615,4,430.2,3.4,28.2873686876615,152.268144792836,0.00259176651155816
"289","caldas-risaralda",351,2,155,5,206.9,1.6,150.242286994424,218.60870438705,0.0122100122100122
"290","caldas-salamina",984,3,287,5,206.9,1.6,60.9756097560976,389.299610042751,0.00508646998982706
"291","caldas-samana",1323,2,531,5,201.7,1.6,31.8054491469889,62.7823269052465,0.00242652112113966
"292","caldas-sanjose",409,2,156,7,83.5,0.7,116.869220054878,420.499911654648,0.00926458603001103
"293","caldas-supia",93,2,79,5,246.4,1.9,144.525378656492,943.408397334432,0.0037400654511454
"294","caldas-victoria",513,3,112,6,89.6,0.7,199.301589472924,311.824046703795,0.0180159600389864
"295","caldas-villamaria",476,2,153,4,372.4,2.9,97.009391992091,264.671678666422,0.00761609907120743
"296","caldas-viterbo",428,1,223,6,116.3,0.9,70.9668966721984,221.044927717567,0.00477138917463722
"297","caqueta-albania",168,6,102,7,48.3,1.3,176.445578231293,249.298986847524,0.0117621899059025
"298","caqueta-belendelosandaquies",966,1,253,6,106.6,2.9,104.869925285804,211.579422605083,0.00946159044829917
"299","caqueta-cartagenadelchaira",554,2,192,5,247.8,6.7,126.223461794107,532.960209208009,0.0108368531345271
"300","caqueta-curillo",107,1,55,7,66.8,1.8,285.61446414534,383.814350401036,0.0193969317580674
"301","caqueta-eldoncello",661,2,183,6,140.2,3.8,131.671400550672,392.548564249686,0.0116719387521203
"302","caqueta-elpaujil",175,3,66,6,106.2,2.9,465.959183673469,344.656002403527,0.0411165845648604
"303","caqueta-florencia",10726,6,2073,2,1597.8,43.2,15.5548499120482,74.863768573136,0.00146238993153034
"304","caqueta-lamontanita",170,1,84,6,103,2.8,211.072664359862,184.267099360009,0.0153150017403411
"305","caqueta-milan",205,1,117,6,90.7,2.5,147.293277810827,9150.90264565385,0.00989956958393113
"306","caqueta-morelia",64,1,39,7,33.2,0.9,488.28125,505.428931719427,0.0337301587301587
"307","caqueta-puertorico",331,1,75,5,241.8,6.5,281.578298847218,327.155428675428,0.0252128536116452
"308","caqueta-sanjosedelfragua",141,2,82,6,115.1,3.1,204.718072531563,396.161596735365,0.0134751773049645
"309","caqueta-sanvicentedelcaguan",298,1,125,3,589.1,15.9,128.597810909418,241.739136685659,0.00953607665017061
"310","caqueta-solano",130,1,78,7,87.3,2.4,208.284023668639,445.451273756234,0.0132379248658318
"311","caqueta-solita",102,1,59,7,60.1,1.6,322.952710495963,380.318106668659,0.0227140361094933
"312","caqueta-valparaiso",55,1,36,7,67,1.8,459.504132231405,558.317593185634,0.0282828282828283
"313","casanare-aguazul",2384,3,726,2,1682.4,14.9,29.3976059636953,97.1780425013472,0.00252135512452579
"314","casanare-chameza",51,1,32,7,21.3,0.2,403.690888119954,1339.85001103323,0.0211764705882353
"315","casanare-hatocorozal",53,2,43,5,269.1,2.4,288.358846564614,1753.67055748043,0.0101596516690856
"316","casanare-lasalina",14,1,12,7,13.4,0.1,1020.40816326531,1692.20736248929,0.032967032967033
"317","casanare-mani",55,3,49,3,539.1,4.8,228.099173553719,641.822018836639,0.00471380471380471
"318","casanare-monterrey",44,2,33,5,189.8,1.7,413.223140495868,3074.60343534518,0.0190274841437632
"319","casanare-nunchia",14,2,9,4,344.5,3,1632.65306122449,1543.79835474626,0.0989010989010989
"320","casanare-orocue",40,2,23,3,697.2,6.2,575,778.495056435465,0.0333333333333333
"321","casanare-pazdeariporo",60,2,41,3,829.8,7.3,322.222222222222,486.809974119069,0.015819209039548
"322","casanare-pore",17,1,11,6,143.2,1.3,1280.276816609,3524.89501038855,0.0735294117647059
"323","casanare-recetor",16,1,12,7,33,0.3,1171.875,1763.58986613069,0.0583333333333333
"324","casanare-sabanalarga",9,1,6,7,45.9,0.4,2592.59259259259,2329.53699035711,0.166666666666667
"325","casanare-sacama",20,1,12,7,17.1,0.2,1050,1142.85543231919,0.0578947368421053
"326","casanare-sanluisdepalenque",39,2,26,3,704.6,6.2,571.992110453649,1473.0568981576,0.0323886639676113
"327","casanare-tamara",19,2,11,7,71.8,0.6,1246.53739612188,1592.15291617295,0.0760233918128655
"328","casanare-tauramena",533,1,218,3,1190.5,10.5,71.1396780586366,213.840696039052,0.00524764067767919
"329","casanare-trinidad",37,1,25,4,366.4,3.2,547.845142439737,1054.55695302601,0.0285285285285285
"330","casanare-villanueva",45,2,33,4,516.3,4.6,380.246913580247,2818.34063116903,0.0161616161616162
"331","casanare-yopal",198,2,119,2,3636.2,32.1,114.784205693297,361.47510091597,0.00646054453161052
"332","cauca-almaguer",242,10,109,6,133.2,1,198.756915511236,2420.6882116589,0.0158087857069373
"333","cauca-almaguer;cauca-paez",1,1,1,6,133.2,1,10000,10000,NA
"334","cauca-argelia",8,3,7,6,120.5,0.9,1562.5,5668.60216459102,0.0357142857142857
"335","cauca-balboa",1,1,1,6,169.3,1.2,10000,10000,NA
"336","cauca-bolivar",6,2,6,5,201,1.5,1666.66666666667,5061.52817999554,0
"337","cauca-buenosaires",1156,1,384,5,319.3,2.4,79.8152560433903,6218.4205899301,0.00712263515031681
"338","cauca-cajibio",417,1,133,5,263,1.9,200.875271006217,780.587439262161,0.0177319682715366
"339","cauca-cajibio;cauca-inza;cauca-paez",1,1,1,5,263,1.9,10000,10000,NA
"340","cauca-caldono",1,1,1,5,190.3,1.4,10000,10000,NA
"341","cauca-caloto",746,2,237,2,1548.4,11.4,93.1509606192814,1884.22357682089,0.00798531766738039
"342","cauca-corinto",123,2,61,6,154.2,1.1,228.038865754511,750.540769157517,0.0147940823670532
"343","cauca-eltambo",7,1,7,3,634.1,4.7,1428.57142857143,7506.41498455265,0
"344","cauca-florencia",3,1,2,6,110.8,0.8,5555.55555555555,6256.57029091836,0.333333333333333
"345","cauca-guachene",42,2,28,6,116.5,0.9,476.190476190476,1639.94367173939,0.024390243902439
"346","cauca-guapi",192,3,64,6,179.9,1.3,287.000868055556,3517.44207581559,0.0236147469458988
"347","cauca-guapi;cauca-paez",1,1,1,6,179.9,1.3,10000,10000,NA
"348","cauca-inza",195,1,73,6,168.6,1.2,374.22748191979,1585.13250194972,0.0324610097805974
"349","cauca-inza;cauca-paez",36,1,27,6,168.6,1.2,447.530864197531,6780.43770781607,0.0174603174603175
"350","cauca-lasierra",148,3,65,7,72.8,0.5,213.659605551497,260.146577791039,0.0147085861371576
"351","cauca-lavega",168,1,99,5,211.6,1.6,201.955782312925,1275.8886904165,0.0143284858853721
"352","cauca-lopezdemicay",384,2,122,7,71.1,0.5,425.889756944444,1802.05440318222,0.0400892080069626
"353","cauca-miranda",107,2,63,3,689.9,5.1,236.70189536204,1026.50097383004,0.0144595309469229
"354","cauca-morales",112,1,54,5,216.3,1.6,384.247448979592,3680.79337575903,0.0297619047619048
"355","cauca-padilla",236,2,97,7,46.7,0.3,319.232979029015,3225.70803900467,0.0278038225748287
"356","cauca-padilla;cauca-paez",1,1,1,7,46.7,0.3,10000,10000,NA
"357","cauca-paez",836,1,252,5,205.8,1.5,99.4997825141366,5800.76310650983,0.00876428960261296
"358","cauca-patia",658,4,167,5,241.3,1.8,219.048234957179,1930.9632137719,0.0204160941555287
"359","cauca-piamonte",3,1,3,7,64.2,0.5,3333.33333333333,3813.20642474717,0
"360","cauca-piendamo",610,1,215,5,314.6,2.3,128.460091373287,1421.68459455046,0.0112250666235969
"361","cauca-popayan",2506,13,677,2,3480.4,25.7,90.4517107863713,464.173211916333,0.00864958032856872
"362","cauca-puertotejada",636,3,233,4,464.4,3.4,101.410149914956,1332.1614372139,0.0085821819442381
"363","cauca-purace",2,1,2,6,102.8,0.8,5000,5223.91143403178,0
"364","cauca-rosas",512,2,238,7,84.3,0.6,74.6917724609375,627.939863231455,0.00552684686888454
"365","cauca-sansebastian",13,2,9,7,55.2,0.4,1597.63313609467,3533.42377134601,0.0897435897435897
"366","cauca-santanderdequilichao",6135,4,726,3,1152.6,8.5,46.4020287885521,269.737478566903,0.00447793359337735
"367","cauca-santarosa",26,3,22,7,34.9,0.3,532.544378698225,1460.52243496499,0.0153846153846154
"368","cauca-silvia",99,1,45,5,186.1,1.4,451.994694418937,4277.52272497715,0.0354566068851783
"369","cauca-sotara",80,1,44,6,127.6,0.9,284.375,292.03431818687,0.0161392405063291
"370","cauca-suarez",43,1,33,6,170.6,1.3,362.358031368307,1893.1929730483,0.0132890365448505
"371","cauca-timbio",662,3,234,5,241.6,1.8,105.375087850604,1320.95256718331,0.00904059124918301
"372","cauca-timbiqui",167,1,87,6,179.3,1.3,204.023091541468,625.262990994907,0.0145011182454368
"373","cauca-toribio",860,1,299,6,149.5,1.1,83.2071389940508,3242.87998109967,0.00716625605761161
"374","cauca-totoro",1,1,1,5,205.2,1.5,10000,10000,NA
"375","cauca-villarica",113,2,64,5,220.7,1.6,281.149659331193,708.964685124705,0.0194374209860936
"376","cesar-aguachica",716,11,325,3,734.7,4.5,54.4224587247589,2023.46186810899,0.00405125600656327
"377","cesar-agustincodazzi",1290,1,399,2,1515.4,9.2,44.2761853254011,1262.94960876601,0.0036552582676313
"378","cesar-astrea",1802,1,392,6,122.1,0.7,60.039344617708,640.093852804439,0.00545202104392615
"379","cesar-becerril",168,2,100,2,1571.8,9.5,136.054421768707,296.280407110911,0.0076988879384089
"380","cesar-bosconia",951,3,336,5,301.8,1.8,48.9937538768754,211.580512483771,0.00385190104599037
"381","cesar-chimichagua",575,3,281,5,189.4,1.2,76.4310018903592,1059.62238048427,0.00591425541584608
"382","cesar-chiriguana",409,3,157,3,580.3,3.5,142.335351892923,475.370176675706,0.0118174409127954
"383","cesar-curumani",1774,1,478,5,216.1,1.3,40.2977239825158,287.00755850836,0.00346802946108196
"384","cesar-elcopey",1214,3,347,4,374.8,2.3,52.7481415338351,1674.51883545906,0.00445476041402109
"385","cesar-elpaso",665,3,220,4,472.7,2.9,67.3186726214031,111.41574075787,0.00523598152006522
"386","cesar-gamarra",216,1,118,6,111.5,0.7,114.883401920439,1707.93736854297,0.00689061154177433
"387","cesar-gonzalez",33,1,21,7,34.3,0.2,523.415977961432,625.348100196151,0.0227272727272727
"388","cesar-lagloria",417,2,163,5,200.2,1.2,115.418456601625,150.509635181367,0.00916574432761483
"389","cesar-lajaguadeibirico",1926,1,524,2,3347.8,20.3,37.9244939177393,201.481780595153,0.00327493897587356
"390","cesar-lapaz",164,2,98,5,200.1,1.2,110.053539559786,254.693577264121,0.00493790213975759
"391","cesar-manaurebalcondelcesar",445,4,119,7,70,0.4,134.27597525565,1572.83113733472,0.011205587610082
"392","cesar-pailitas",909,3,289,6,132.6,0.8,67.4951983647209,106.053444415607,0.0056556316424594
"393","cesar-pelaya",385,2,165,6,159.4,1,103.558778883454,1053.49937916795,0.00777867965367965
"394","cesar-pueblobello",1126,3,282,6,162.6,1,87.4691215860226,153.079909571271,0.00786579830274324
"395","cesar-riodeoro",4,2,4,6,115.7,0.7,2500,2806.36168600095,0
"396","cesar-sanalberto",363,2,130,4,411.1,2.5,113.456123974531,156.025122044557,0.0086145229289378
"397","cesar-sandiego",1101,3,358,6,112.2,0.7,49.4224967641505,1333.62211049921,0.00403765172157543
"398","cesar-sanmartin",146,2,77,4,484.4,2.9,167.948958528805,1700.97177441805,0.0100141709966934
"399","cesar-tamalameque",349,3,112,6,121.2,0.7,151.312386597811,597.018606074817,0.0123011560122518
"400","cesar-valledupar",1599,3,309,2,4718.3,28.7,243.800749452147,688.065322356992,0.0237695493350428
"401","choco-acandi",1,1,1,6,150,3.3,10000,10000,NA
"402","choco-condoto",11,1,11,7,84.7,1.9,909.090909090909,1220.00752063995,0
"403","choco-ellitoraldelsanjuan",1,1,1,7,38.9,0.9,10000,10000,NA
"404","choco-quibdo",57,3,54,2,1400,31,193.905817174515,3017.7467112981,0.0018796992481203
"405","colombia-todoelpais",177,79,173,NA,NA,NA,59.0507197803952,831.066731335399,0.000256805341551104
"406","cordoba-ayapel",251,9,155,5,220.5,1.9,79.5225472611546,9279.46954780256,0.00398406374501992
"407","cordoba-buenavista",2,2,2,6,108.4,0.9,5000,5909.65423350787,0
"408","cordoba-canalete",233,2,136,6,113.3,1,90.8102930612094,115.380795873538,0.00480982684623354
"409","cordoba-cerete",1418,4,496,4,474,4.1,26.806264808099,179.333001134023,0.00197680194057053
"410","cordoba-chima",2,1,2,7,66.6,0.6,5000,5273.87958352196,0
"411","cordoba-chinu",797,4,386,5,228,1.9,36.5391548293554,1161.94554671826,0.00240222442198445
"412","cordoba-cienagadeoro",240,1,139,3,543.3,4.6,127.430555555556,1853.08154956175,0.00861227336122734
"413","cordoba-cotorra",7,2,7,7,61.6,0.5,1428.57142857143,2369.72856691867,0
"414","cordoba-laapartada",138,2,122,7,74,0.6,90.3171602604495,834.913473930324,0.00179837088754893
"415","cordoba-lorica",3871,5,965,3,908.2,7.8,21.7669545770232,632.514647010314,0.00191885997849243
"416","cordoba-loscordobas",3,2,3,6,116.2,1,3333.33333333333,7556.05851951892,0
"417","cordoba-momil",38,3,36,7,63.1,0.5,290.858725761773,5318.09480069119,0.00284495021337127
"418","cordoba-monitos",19,1,19,6,166.2,1.4,526.315789473684,3389.91042893988,0
"419","cordoba-montelibano",749,2,292,3,566.6,4.8,86.4347835387103,1012.38602080308,0.00731813541049385
"420","cordoba-monteria",7296,8,1645,2,4026.3,34.4,12.1119749586411,1526.30130494716,0.00107428333513702
"421","cordoba-planetarica",723,3,224,4,475.4,4.1,107.455297104236,1380.1878796409,0.00937537116431612
"422","cordoba-pueblonuevo",1756,2,407,6,171.2,1.5,51.5122897867902,240.358916696543,0.00458436358208568
"423","cordoba-puertoescondido",566,3,205,6,152.1,1.3,89.1508197130692,391.953041636363,0.00716094937302605
"424","cordoba-puertolibertador",58,2,37,5,309.6,2.6,410.225921521998,545.866189247008,0.0241984271022384
"425","cordoba-purisima",264,2,118,7,52.1,0.4,105.601469237833,145.000785771214,0.00679801820486231
"426","cordoba-sahagun",229,2,70,3,720.6,6.2,303.388570012013,1637.81406640599,0.0260859572512066
"427","cordoba-sanandressotavento",1589,2,510,6,159.8,1.4,36.9635327204297,128.277872053365,0.00306895802851151
"428","cordoba-sanantero",330,1,109,6,120.1,1,181.450872359963,2070.06328303139,0.0151607257990237
"429","cordoba-sanbernardodelviento",300,1,130,6,134.3,1.1,112,414.869715027192,0.00789297658862876
"430","cordoba-sanjosedeure",6,2,6,7,45.1,0.4,1666.66666666667,6169.48724380603,0
"431","cordoba-sanpelayo",225,1,75,6,171.4,1.5,174.024691358025,667.403909282454,0.013015873015873
"432","cordoba-tierralta",84,1,56,3,1053.1,9,215.419501133787,2186.46047989917,0.00975329890992542
"433","cordoba-valencia",337,1,153,5,187.7,1.6,177.601282039993,1053.15898633866,0.0148367952522255
"434","cundinamarca-aguadedios",1469,18,614,6,132.3,0.3,31.8031697514459,805.847977782259,0.00250128449352003
"435","cundinamarca-alban",4,3,4,6,134.6,0.3,2500,5022.14705321489,0
"436","cundinamarca-anapoima",3,2,3,6,156.9,0.3,3333.33333333333,9580.33070330444,0
"437","cundinamarca-anolaima",900,2,311,6,105.7,0.2,55.7530864197531,133.074272281433,0.00446916326782845
"438","cundinamarca-apulo",203,1,91,7,67.8,0.1,174.476449319323,267.287548452859,0.0125835243622884
"439","cundinamarca-beltran",61,3,29,7,16.3,0,534.802472453641,969.762098934427,0.0377049180327869
"440","cundinamarca-bituima",64,2,25,7,24.1,0,629.8828125,713.171952652664,0.0481150793650794
"441","cundinamarca-bojaca",3,1,2,6,142.9,0.3,5555.55555555555,5037.3018718837,0.333333333333333
"442","cundinamarca-cabrera",2,1,2,7,36.4,0.1,5000,5015.35505462249,0
"443","cundinamarca-cachipay",3,2,3,6,99.2,0.2,3333.33333333333,4333.51961929923,0
"444","cundinamarca-cajica",1179,1,537,2,1577.7,3.2,32.2076830827292,1430.09542358787,0.00237460597237163
"445","cundinamarca-caparrapi",298,3,109,6,119.6,0.2,318.454123688122,1672.73778417775,0.0285856326124782
"446","cundinamarca-caqueza",1496,3,656,5,203.7,0.4,21.1526637879264,126.44388483323,0.00144778495162127
"447","cundinamarca-carmendecarupa",516,2,154,6,103.9,0.2,116.879995192597,2430.41012175002,0.00976894709114172
"448","cundinamarca-chaguani",67,4,31,7,41.2,0.1,568.055246157273,1379.43300716567,0.0425146992311171
"449","cundinamarca-chia",2614,5,605,2,2368,4.8,34.7665943313885,274.645576101969,0.00309528808198429
"450","cundinamarca-chipaque",3,1,3,7,68.4,0.1,3333.33333333333,3813.20642474717,0
"451","cundinamarca-choachi",150,2,97,6,131.6,0.3,146.666666666667,2018.62671532751,0.00805369127516779
"452","cundinamarca-choconta",2843,3,748,4,436.1,0.9,26.6608138000302,91.887677317535,0.00231515459653363
"453","cundinamarca-cogua",7,3,7,3,606.4,1.2,1428.57142857143,1959.38201268449,0
"454","cundinamarca-cota",2,2,2,2,4246.3,8.6,5000,9468.985329781,0
"455","cundinamarca-cucunuba",8,3,4,6,142.7,0.3,3437.5,9455.25663525139,0.25
"456","cundinamarca-elcolegio",388,1,198,5,196.7,0.4,63.3701774896376,301.950381174702,0.00376941314366392
"457","cundinamarca-elpenon",238,2,113,7,31.9,0.1,153.237765694513,185.871906583973,0.0111690245718541
"458","cundinamarca-elrosal",11,3,11,5,188.2,0.4,909.090909090909,2010.2616802212,0
"459","cundinamarca-facatativa",2721,3,643,2,3483.5,7.1,42.038990302466,340.093306112597,0.00383779752253713
"460","cundinamarca-fomeque",825,1,357,5,193.8,0.4,44.6795224977043,242.030301123266,0.0032597822889085
"461","cundinamarca-fosca",483,1,161,6,113.1,0.2,113.121493083686,368.158494392722,0.00926092970112454
"462","cundinamarca-funza",98,1,55,2,2771.4,5.6,335.276967930029,3147.49818486703,0.0235640648011782
"463","cundinamarca-fuquene",224,1,95,7,71.4,0.1,151.068239795918,583.304238850472,0.0106902626521461
"464","cundinamarca-fusagasuga",216,3,145,2,1560.5,3.2,76.7318244170096,1298.23818308977,0.00305770887166236
"465","cundinamarca-gachala",140,1,55,7,45.5,0.1,351.020408163265,1796.9083026353,0.0281603288797533
"466","cundinamarca-gachancipa",8,3,8,5,191.2,0.4,1250,6549.07311884062,0
"467","cundinamarca-gacheta",1076,1,327,6,90.3,0.2,71.412777601194,200.994445261944,0.00621768825105905
"468","cundinamarca-gama",24,1,9,7,22.6,0,2048.61111111111,2997.69650502581,0.170289855072464
"469","cundinamarca-girardot",116,6,94,2,1279.4,2.6,126.337693222354,6820.70990101838,0.004047976011994
"470","cundinamarca-granada",9,2,7,7,79.6,0.2,1604.93827160494,1762.69195681908,0.0555555555555556
"471","cundinamarca-guacheta",1,1,1,5,182.3,0.4,10000,10000,NA
"472","cundinamarca-guaduas",888,2,277,4,396.3,0.8,73.9844574304034,137.252556191783,0.00627939100317905
"473","cundinamarca-guasca",51,2,41,6,122.8,0.2,288.350634371396,576.37012318801,0.00941176470588235
"474","cundinamarca-guataqui",36,2,27,7,18.5,0,524.691358024691,772.888947436276,0.0253968253968254
"475","cundinamarca-guatavita",1083,3,400,6,114.5,0.2,41.2571010555986,70.7446611833196,0.00320530872857794
"476","cundinamarca-guayabaldesiquima",12,2,5,7,69.2,0.1,2500,2633.10086605252,0.181818181818182
"477","cundinamarca-jerusalen",66,1,27,7,21,0,697.887970615243,482.149528091114,0.0554778554778555
"478","cundinamarca-junin",317,2,129,7,54.2,0.1,113.345739334654,318.382538396946,0.00820588587629278
"479","cundinamarca-lacalera",5,2,4,4,519.7,1.1,2800,2776.43690371349,0.1
"480","cundinamarca-lamesa",3721,1,812,3,753.6,1.5,21.5855432689137,234.129049344322,0.00189031737912979
"481","cundinamarca-lapalma",1,1,1,6,121.8,0.2,10000,10000,NA
"482","cundinamarca-lavega",602,2,246,5,259.1,0.5,54.1936623216079,94.5424038324961,0.00376448996965191
"483","cundinamarca-lenguazaque",40,1,20,5,197,0.4,675,2878.17898233182,0.0435897435897436
"484","cundinamarca-macheta",32,2,16,7,60,0.1,800.78125,715.896955834846,0.0504032258064516
"485","cundinamarca-madrid",1893,4,685,2,1334.6,2.7,22.9080977572166,587.317470676151,0.0017634793369139
"486","cundinamarca-manta",30,2,12,7,38.8,0.1,1133.33333333333,1150.3049389082,0.0827586206896552
"487","cundinamarca-medina",201,2,121,6,98.3,0.2,132.917502042029,378.768220747426,0.00835820895522388
"488","cundinamarca-mosquera",2329,2,800,2,2121.1,4.3,21.1329105767977,68.3146739335693,0.00168464556414785
"489","cundinamarca-narino",22,2,14,7,78.8,0.2,1033.05785123967,979.409666598851,0.0606060606060606
"490","cundinamarca-nemocon",779,2,229,6,131,0.3,88.771193772339,1032.71042393732,0.00760318251268022
"491","cundinamarca-nilo",42,2,32,6,138.3,0.3,362.81179138322,490.726800539039,0.0127758420441347
"492","cundinamarca-nimaima",210,2,90,7,42.6,0.1,204.988662131519,275.65443147256,0.0158122579175211
"493","cundinamarca-nocaima",2,1,2,7,82.8,0.2,5000,6635.47979685158,0
"494","cundinamarca-pacho",3746,1,829,5,236.1,0.5,38.1827464155394,207.511095613411,0.00355227151061711
"495","cundinamarca-paime",4,1,4,7,38.3,0.1,2500,9256.77517936229,0
"496","cundinamarca-pasca",1,1,1,6,137.4,0.3,10000,10000,NA
"497","cundinamarca-puertosalgar",52,1,49,6,174.7,0.4,221.89349112426,284.582665529989,0.00301659125188537
"498","cundinamarca-puli",51,3,24,7,32.2,0.1,665.128796616686,539.16354303343,0.047843137254902
"499","cundinamarca-quipile",4,2,3,7,64,0.1,3750,3984.03974723988,0.166666666666667
"500","cundinamarca-ricaurte",410,3,175,6,123.5,0.3,91.9690660321237,141.541388890496,0.00677440515236448
"501","cundinamarca-sanantoniodeltequendama",574,1,185,6,130.9,0.3,104.468914276002,415.671713130795,0.00871992265173213
"502","cundinamarca-sanbernardo",1,1,1,7,79.3,0.2,10000,10000,NA
"503","cundinamarca-sanfrancisco",172,2,103,6,109.9,0.2,125.743645213629,170.231133784482,0.0067999456004352
"504","cundinamarca-sanjuanderioseco",969,4,330,6,90.1,0.2,56.988522419994,121.730838339826,0.00467168163481138
"505","cundinamarca-sasaima",4,2,4,5,193.1,0.4,2500,3097.88970948879,0
"506","cundinamarca-sesquile",1838,1,515,5,208.4,0.4,36.9067480028086,69.6785475234787,0.00314831806364519
"507","cundinamarca-sibate",7,3,7,3,941.6,1.9,1428.57142857143,2737.18850950973,0
"508","cundinamarca-silvania",1288,4,372,5,243.8,0.5,46.2221750704062,1845.00501324485,0.00384880819663428
"509","cundinamarca-simijaca",33,3,22,6,164,0.3,560.146923783287,1639.06978051544,0.0265151515151515
"510","cundinamarca-soacha",4455,1,1391,2,4760.9,9.7,11.6707667773886,240.614764633969,0.000942821418798069
"511","cundinamarca-sopo",113,2,113,3,1147.9,2.3,88.495575221239,131.423172103968,0
"512","cundinamarca-suesca",821,2,319,5,232.7,0.5,56.48024378339,5260.26943231268,0.00443540001782478
"513","cundinamarca-supata",3,1,3,7,57.7,0.1,3333.33333333333,7607.02714720874,0
"514","cundinamarca-susa",21,1,10,7,83.4,0.2,1201.81405895692,1410.08450900985,0.0761904761904762
"515","cundinamarca-sutatausa",31,1,28,6,99.6,0.2,405.82726326743,1563.87110442478,0.00860215053763441
"516","cundinamarca-tabio",1268,3,463,5,181.7,0.4,39.1460756898765,170.258046977199,0.00312843125294107
"517","cundinamarca-tausa",1,1,1,3,704.8,1.4,10000,10000,NA
"518","cundinamarca-tenjo",809,1,299,2,1387.7,2.8,55.5096328235655,123.05673392116,0.00432020952404264
"519","cundinamarca-tibacuy",1,1,1,7,47,0.1,10000,10000,NA
"520","cundinamarca-tibirita",36,2,15,7,29.4,0.1,925.925925925926,899.625099324844,0.0666666666666667
"521","cundinamarca-tocaima",2466,2,718,6,155,0.3,27.2546864444852,166.028960583319,0.00232089479805682
"522","cundinamarca-tocancipa",2,1,2,2,3389.5,6.9,5000,6121.88365650969,0
"523","cundinamarca-tolemaida",2,1,2,6,155,0.3,5000,7222.22222222222,0
"524","cundinamarca-topaipi",2,1,2,7,32.4,0.1,5000,6740.86647891671,0
"525","cundinamarca-ubala",87,1,40,3,821.3,1.7,466.376007398599,663.536071419538,0.0355519914461374
"526","cundinamarca-ubaque",25,1,15,6,122.3,0.2,1424,2148.7258089296,0.106666666666667
"527","cundinamarca-venecia",1,1,1,7,32.9,0.1,10000,10000,NA
"528","cundinamarca-vergara",664,2,231,7,79.4,0.2,78.9301785455073,483.984194953366,0.00639662723291355
"529","cundinamarca-viani",373,3,152,7,39.9,0.1,116.366825032883,144.833740125118,0.0089797918648563
"530","cundinamarca-villadesandiegodeubate",2475,1,515,4,454,0.9,39.3282318130803,117.886369575563,0.00353020912438859
"531","cundinamarca-villapinzon",90,1,40,3,643.1,1.3,358.024691358025,569.924586835606,0.0249687890137328
"532","cundinamarca-villeta",117,2,110,5,313.8,0.6,101.541383592666,403.120287192055,0.00162098437960507
"533","cundinamarca-viota",779,2,309,6,129.7,0.3,55.1215227712037,92.5415815536144,0.0042338902620524
"534","cundinamarca-zipacon",2,1,2,7,83.1,0.2,5000,5009.15096228088,0
"535","cundinamarca-zipaquira",242,2,135,2,1613.1,3.3,110.306673041459,1702.99346322683,0.00692706011453654
"536","guaviare-calamar",251,3,169,6,94.4,9.2,109.045888160505,7614.98042705893,0.00694820717131474
"537","guaviare-elretorno",146,1,85,5,197.5,19.3,212.047288421843,3202.21706598834,0.0144544166273028
"538","guaviare-miraflores",110,2,71,7,86.5,8.4,204.95867768595,381.534992265401,0.0115095913261051
"539","guaviare-sanjosedelguaviare",3149,2,1236,3,646.3,63.1,13.2157466352286,142.469867685324,0.00100433246995981
"540","huila-acevedo",1008,12,355,4,335.5,2.4,68.4208868732678,2870.40561069078,0.00585583455494081
"541","huila-agrado",634,1,159,7,73.6,0.5,217.685517817871,916.395606971001,0.020223162448109
"542","huila-aipe",1440,1,331,4,429.5,3.1,66.4351851851852,111.958140603152,0.00595320824646745
"543","huila-baraya",358,2,119,7,80.4,0.6,146.687057207952,223.14227923302,0.0119086740841588
"544","huila-campoalegre",609,1,204,3,581.6,4.2,65.6005565127359,258.724878859552,0.00492610837438424
"545","huila-colombia",3,3,3,7,85,0.6,3333.33333333333,4258.88993863483,0
"546","huila-elias",131,2,60,7,34.3,0.2,371.190490064682,1029.84785274035,0.0297122724603641
"547","huila-garzon",6229,3,843,3,641.8,4.6,45.9894257387435,362.888745864944,0.00443911581449315
"548","huila-gigante",312,5,88,5,258.2,1.9,297.296186719264,3165.24622862815,0.0266097782174953
"549","huila-guadalupe",113,3,46,6,161.2,1.2,378.259848069543,1635.65926803121,0.0292351453855879
"550","huila-hobo",114,1,63,7,65.4,0.5,200.061557402278,345.772661978929,0.0113336438441236
"551","huila-iquira",475,1,149,6,104.6,0.8,103.578947368421,206.273320918386,0.00827004219409283
"552","huila-isnos",251,2,127,5,189.2,1.4,123.648830970937,1386.43782686466,0.00841434262948207
"553","huila-laargentina",423,4,164,6,105.7,0.8,88.582622157392,2236.86784464681,0.00650958511198503
"554","huila-laplata",4863,5,1034,4,488.6,3.5,20.3938733555222,293.561337283548,0.0018341301136961
"555","huila-nataga",10,4,10,7,53.5,0.4,1000,9607.42351652892,0
"556","huila-neiva",7796,12,2124,2,5221.7,37.8,8.59395340547744,5598.39055190674,0.000731218226415678
"557","huila-oporapa",857,3,230,6,107.9,0.8,80.1280960284513,207.394069994516,0.00685394606266153
"558","huila-paicol",591,3,158,6,102.8,0.7,134.132689725465,220.565855270974,0.0117410880724999
"559","huila-palermo",1050,3,339,3,539.3,3.9,55.0385487528345,338.686153000335,0.00455581279222843
"560","huila-palestina",660,3,236,6,114.4,0.8,83.1955922865014,148.826917081302,0.00681473306662988
"561","huila-pitalito",7181,7,1365,2,1392.8,10.1,85.2376591967838,464.843155745557,0.00838567730768947
"562","huila-rivera",378,2,191,5,195.9,1.4,70.1268161585622,125.067681887899,0.00437876299945265
"563","huila-saladoblanco",179,3,117,6,112.7,0.8,112.668143940576,9431.03899884072,0.0057121335760467
"564","huila-sanagustin",1020,2,269,5,269.4,1.9,87.4279123414072,7808.15907203917,0.00777001674074929
"565","huila-santamaria",309,2,140,6,103.8,0.8,112.797310459673,395.003633451661,0.00806960030261001
"566","huila-suaza",693,1,165,6,173.5,1.3,159.14660936306,1506.76813154603,0.0144925722960405
"567","huila-tarqui",381,2,126,6,142.4,1,178.629246147381,2685.91160339863,0.0152783533637243
"568","huila-tello",551,2,171,5,185.5,1.3,136.989008600103,1871.30209999781,0.0119056261343013
"569","huila-teruel",65,1,59,6,89.1,0.6,182.248520710059,1063.04113380007,0.00288461538461538
"570","huila-tesalia",336,2,112,6,133,1,165.816326530612,219.248252892607,0.0136460554371002
"571","huila-timana",1288,1,436,5,182.7,1.3,78.7247791366074,616.439203042186,0.0071015940581158
"572","huila-villavieja",235,2,116,6,134.8,1,149.388863739249,742.832928126893,0.0107292234951809
"573","huila-yaguara",1343,2,348,3,536.2,3.9,78.0584248930917,156.993111750149,0.00706650258058288
"574","laguajira-albania",9,3,9,2,3093.4,32,1111.11111111111,2477.63769211388,0
"575","laguajira-barrancas",435,3,208,3,1044.1,10.8,68.8598229620822,8174.43492369185,0.00459770114942529
"576","laguajira-dibulla",231,2,190,5,200.1,2.1,59.0318772136954,102.951143905065,0.00158102766798419
"577","laguajira-elmolino",1717,1,186,7,48.7,0.5,133.581448863993,223.482111088136,0.0127831787703657
"578","laguajira-fonseca",776,1,189,5,192.1,2,78.5484642363694,169.575314532353,0.0065746591286997
"579","laguajira-puertobolivar",16,1,16,2,2116.2,21.9,625,1475.60392197452,0
"580","laguajira-riohacha",5295,3,953,2,2116.2,21.9,22.5041708241156,105.294657637502,0.00206194908412717
"581","laguajira-sanjuandelcesar",1816,2,476,5,236.2,2.4,68.614275456539,733.636663658263,0.00631424375917768
"582","laguajira-uribia",8,1,8,3,623.1,6.4,1250,2629.57760115078,0
"583","laguajira-urumita",656,2,178,7,76.2,0.8,126.598750743605,188.743096549368,0.0111524855706572
"584","magdalena-algarrobo",11,5,11,6,139.8,1.1,909.090909090909,7921.25442178267,0
"585","magdalena-aracataca",735,1,183,4,341.5,2.8,127.780091628488,595.902272337088,0.0114330200745148
"586","magdalena-ariguani",24,1,17,5,282.2,2.3,659.722222222222,910.172141297023,0.0253623188405797
"587","magdalena-chibolo",306,1,99,6,107.6,0.9,152.719039685591,239.547362809312,0.0120432872602593
"588","magdalena-concordia",27,1,27,7,59.5,0.5,370.37037037037,504.13883421198,0
"589","magdalena-elbanco",27,3,21,4,354.6,2.9,589.849108367627,3191.11653322997,0.0227920227920228
"590","magdalena-eldificil",1,1,1,4,354.6,2.9,10000,10000,NA
"591","magdalena-elpinon",4,2,4,6,134.3,1.1,2500,5011.62619714586,0
"592","magdalena-elreten",797,1,159,5,264.9,2.1,130.209112276432,904.817354824506,0.011780987749286
"593","magdalena-fundacion",1,1,1,4,462.5,3.7,10000,10000,NA
"594","magdalena-guamal",188,2,103,6,156.2,1.3,121.095518334088,271.350523437764,0.00682671521219706
"595","magdalena-pedraza",174,2,58,4,495.4,4,288.016911084688,348.722452089916,0.0231878280512923
"596","magdalena-pijinodelcarmen",8,1,8,6,107.5,0.9,1250,2767.37349715947,0
"597","magdalena-pivijay",1992,1,365,4,355.8,2.9,45.9871614973952,5450.79119495255,0.00409876573092975
"598","magdalena-plato",55,3,19,4,453.7,3.7,671.074380165289,759.40350273785,0.0498316498316498
"599","magdalena-puebloviejo",274,2,133,5,195.8,1.6,101.497149555117,128.208763337483,0.00652388973556857
"600","magdalena-remolino",486,1,118,7,46.3,0.4,160.713983302003,246.160266966553,0.0140426795638709
"601","magdalena-sabanasdesanangel",254,2,94,6,130.1,1.1,161.510323020646,507.4403305579,0.0122623012044443
"602","magdalena-salamina",99,1,72,7,70.7,0.6,168.350168350168,488.460234362901,0.00680272108843537
"603","magdalena-santaana",1,1,1,6,173.7,1.4,10000,10000,NA
"604","magdalena-santabarbaradepinto",31,3,31,6,98.6,0.8,322.58064516129,923.632474314976,0
"605","magdalena-santamarta",1520,4,933,2,5366.9,43.3,12.8116343490305,467.031842118895,0.000623679013201206
"606","magdalena-sitionuevo",395,1,158,6,150.8,1.2,99.0225925332479,170.500525798501,0.00738932082503373
"607","magdalena-tenerife",432,1,119,7,80,0.6,136.95987654321,387.279121014579,0.0114075792730085
"608","magdalena-zonabananera",151,1,112,3,807.7,6.5,109.2057365905,544.507198302823,0.00432671081677704
"609","meta-acacias",3350,10,763,2,3411.9,12.5,29.6582757852528,2122.27719073154,0.00266811656854575
"610","meta-barrancadeupia",254,1,139,5,240.6,0.9,120.590241180482,5796.16855645066,0.00815411907503657
"611","meta-cabuyaro",209,3,84,3,699.1,2.6,241.06590966324,345.190387004857,0.0194147957305852
"612","meta-castillalanueva",1148,2,347,2,1921.8,7.1,52.006822955238,66.1750952017763,0.00433337687468293
"613","meta-cubarral",218,2,101,7,61.2,0.2,159.919198720646,266.761898859516,0.0114573204244705
"614","meta-cumaral",303,1,122,4,426.6,1.6,159.570412486793,171.601834533119,0.012698620855463
"615","meta-elcalvario",136,1,42,7,18.4,0.1,513.624567474048,7798.85240764201,0.0443355119825708
"616","meta-elcastillo",223,2,75,6,127.6,0.5,245.128596995717,243.821474450363,0.0201187734820022
"617","meta-eldorado",63,3,41,7,42.2,0.2,319.979843789368,442.272868241013,0.0163850486431132
"618","meta-fuentedeoro",767,2,205,4,486.1,1.8,103.027593580706,125.762424823543,0.00901072640684094
"619","meta-granada",1552,3,631,3,719.3,2.6,28.4883489212456,699.874007039899,0.00220592633950827
"620","meta-guamal",432,3,162,4,475.1,1.7,106.095679012346,741.276595665738,0.00831399845320959
"621","meta-lamacarena",347,1,113,5,223.8,0.8,187.94276175369,1433.9065120033,0.0159584214822342
"622","meta-lejanias",228,2,79,6,151.1,0.6,236.995998768852,8179.8505423517,0.0193987170569596
"623","meta-mapiripan",250,1,105,5,195.8,0.7,173.12,271.658033056997,0.0133654618473896
"624","meta-mesetas",283,1,91,6,146.5,0.5,232.865936645482,543.121537890478,0.0198230709470466
"625","meta-puertoconcordia",239,1,97,5,205.3,0.8,198.000735281245,164.309919621783,0.0156815864421082
"626","meta-puertogaitan",547,1,280,2,6520.9,24,61.729426588104,92.7045447266141,0.00435274658309393
"627","meta-puertolleras",256,2,92,5,255.2,0.9,244.140625,319.348401408031,0.0205882352941176
"628","meta-puertolopez",2443,3,477,3,758.5,2.8,52.5866129244943,209.332613660926,0.0048513143069017
"629","meta-puertorico",911,2,308,5,321,1.2,62.4517273330835,7650.69065828289,0.00515313446158671
"630","meta-restrepo",304,1,109,5,200.6,0.7,175.943559556787,5200.38563619146,0.0143520931040472
"631","meta-sancarlosdeguaroa",390,2,160,3,540.8,2,123.208415516108,369.787697599079,0.00978182057873575
"632","meta-sanjuandearama",171,1,71,6,129.5,0.5,252.043363770049,293.851976400337,0.0194702442380461
"633","meta-sanjuanito",74,1,25,7,20.6,0.1,821.767713659606,734.948146418416,0.0696038504257682
"634","meta-sanmartin",480,2,195,4,374.5,1.4,74.5659722222222,120.597560607686,0.00538448155880306
"635","meta-uribe",368,3,136,6,135.8,0.5,158.317580340265,5674.64899889355,0.0131501006989693
"636","meta-villavicencio",15371,7,3524,2,8022.8,29.5,5.4370120028413,327.318156282716,0.000478674765749341
"637","meta-vistahermosa",440,3,158,4,369.8,1.4,145.144628099174,131.026482735179,0.0122696210395527
"638","narino-alban",99,31,94,7,84.7,0.7,113.253749617386,779.685881101622,0.00123685837971552
"639","narino-aldana",1558,1,362,7,56.5,0.4,55.9207436544334,938.644875864713,0.00495340517749565
"640","narino-ancuya",1099,1,224,7,36,0.3,104.379777794521,146.635657126599,0.00953673732205632
"641","narino-arboleda",905,1,225,7,46.5,0.4,120.08180458472,286.241989719413,0.0109152691536694
"642","narino-barbacoas",862,2,341,4,340.8,2.6,52.6213790838766,814.588950807608,0.00410680938098741
"643","narino-belen",692,1,245,7,35.6,0.3,92.0511878111531,1651.3185808744,0.00777126222363501
"644","narino-bocasdesatinga",4,1,4,7,56.5,0.4,2500,4025.03984095171,0
"645","narino-buesaco",3947,2,666,6,148.2,1.2,41.6251332178217,143.568545321462,0.00391014700483381
"646","narino-chachagui",2035,3,445,6,113.6,0.9,47.9544096251713,82.4203767853733,0.0043061565185459
"647","narino-colon",524,1,142,7,70.3,0.5,110.133442107103,3280.80010580398,0.00912235634113234
"648","narino-consaca",1680,3,486,7,77.2,0.6,47.0096371882086,156.577301589968,0.00410817096344196
"649","narino-contadero",1415,4,257,7,62.6,0.5,94.9593577145426,151.66692181834,0.00879543784767169
"650","narino-contadero;narino-cuaspud",1,1,1,7,62.6,0.5,10000,10000,NA
"651","narino-cordoba",2411,3,479,6,97.5,0.8,62.3834385500852,110.149088761103,0.00582599462009359
"652","narino-cuaspud",938,2,295,5,195.2,1.5,82.4464336859716,203.123070458875,0.00718620648852096
"653","narino-cumbal",2251,4,541,6,178.2,1.4,36.0509105879395,65.2278075039232,0.0031622488770423
"654","narino-cumbitara",1025,3,251,7,53,0.4,95.4003569303986,6693.1293380972,0.00857278963414634
"655","narino-elcharco",104,2,77,6,173.8,1.3,149.778106508876,675.388697682708,0.00541448842419716
"656","narino-elpenol",1,1,1,7,41.1,0.3,10000,10000,NA
"657","narino-elrosario",1297,4,269,7,43.7,0.3,80.364568255193,425.342954108844,0.00727105285702047
"658","narino-eltablondegomez",1905,2,428,7,65.7,0.5,246.245203601518,1046.91296727608,0.0241122433225259
"659","narino-eltambo",1768,2,367,6,108.7,0.8,74.8666591593129,392.974767560825,0.0069249718955102
"660","narino-franciscopizarro",1,1,1,7,41.1,0.3,10000,10000,NA
"661","narino-funes",1324,1,380,7,45.2,0.4,56.3270689387647,2212.60703705882,0.00488110652115831
"662","narino-guachucal",3,2,3,6,139.6,1.1,3333.33333333333,4543.8871497185,0
"663","narino-guaitarilla",1544,1,288,6,92.3,0.7,924.831874681199,424.052608165918,0.0918950365850792
"664","narino-gualmatan",3,2,3,7,82,0.6,3333.33333333333,4537.78057717115,0
"665","narino-iles",727,4,162,7,87,0.7,127.126420688363,288.404080644831,0.0113527421267824
"666","narino-imues",474,3,231,7,51,0.4,61.3327636240631,4050.92931998684,0.00403207821518095
"667","narino-ipiales",11008,2,2323,3,1103,8.6,7.55644283016157,113.425717615179,0.000664861657803385
"668","narino-lacruz",1813,4,493,7,73.8,0.6,39.7417803453577,86.4038414308419,0.00342449490983077
"669","narino-laflorida",1118,1,371,7,70.9,0.6,47.730902038844,105.906168264743,0.00388210818974284
"670","narino-latola",413,3,155,7,33.4,0.3,98.3179827518482,199.152032812713,0.00742847739721197
"671","narino-launion",5536,3,1074,5,200,1.6,24.5803088141936,452.896576219194,0.00227780649675476
"672","narino-leiva",7,2,7,7,65.3,0.5,1428.57142857143,4959.32511825559,0
"673","narino-linares",1336,4,395,7,57.2,0.4,47.3080784538707,815.137755360152,0.00398528785126376
"674","narino-losandes",812,3,270,6,93.8,0.7,70.5853090344342,116.356709455575,0.00583418877138848
"675","narino-magui",832,3,209,5,184.6,1.4,95.4893213757396,448.782209683402,0.00835705359622327
"676","narino-mallama",1596,1,268,7,37.3,0.3,105.495568495173,229.874005001674,0.00992921174409378
"677","narino-mosquera",202,3,69,7,77.1,0.6,198.509950004901,288.677411203483,0.0149746317915374
"678","narino-narino",638,36,406,7,41.8,0.3,103.674295653541,1457.93989422167,0.0088138462522699
"679","narino-olayaherrera",842,3,238,6,94.5,0.7,86.9155556558584,614.055355874418,0.00751282971013469
"680","narino-ospina",1055,3,334,6,116.7,0.9,55.713034298421,87.5466277838375,0.00462782269305827
"681","narino-pasto",5427,18,1258,2,4243.2,32.9,97.038505851269,6599.4837333098,0.00952134115840098
"682","narino-policarpa",1289,3,355,7,74.5,0.6,89.743072762848,587.847089549195,0.00820487739062974
"683","narino-potosi",2051,2,351,6,99.9,0.8,63.6547179064523,232.390981344034,0.005880772020787
"684","narino-providencia",1314,1,339,7,41.9,0.3,89.6677624644097,447.496026815747,0.00821199085135068
"685","narino-puerres",2002,2,465,7,58.1,0.5,54.555833776613,108.292497584791,0.00495855968119836
"686","narino-pupiales",2003,2,523,6,161.8,1.3,41.3184516784484,93.0885799255512,0.00363440852706954
"687","narino-ricaurte",1681,2,514,7,63.9,0.5,380.800074740928,692.675053264581,0.0375074360499703
"688","narino-robertopayan",513,1,235,6,127.9,1,63.6473140833457,1287.4632877722,0.00442403752436647
"689","narino-samaniego",5028,2,788,5,190.7,1.5,27.5284184224666,49.6342268176743,0.00255446365283792
"690","narino-sanandresdetumaco",20,1,18,2,1450.6,11.3,600,3434.41192963878,0.0105263157894737
"691","narino-sanbernardo",7,1,7,7,54.6,0.4,1428.57142857143,2167.58428990798,0
"692","narino-sanlorenzo",2136,2,615,6,110.4,0.9,38.3868829693221,86.9503727674458,0.0033721022024577
"693","narino-sanpablo",1466,1,369,7,85.2,0.7,65.2628287569632,130.300415123621,0.00584814381963877
"694","narino-sanpedrodecartago",1157,1,291,7,31.3,0.2,82.4786781299654,1474.5548539285,0.00738995074363062
"695","narino-santabarbara",110,2,48,5,196.5,1.5,2476.03305785124,2309.63242495727,0.24070058381985
"696","narino-santacruz",135,2,85,7,75.7,0.6,149.794238683128,161.593466721609,0.00762852404643449
"697","narino-sapuyes",940,1,262,6,97.1,0.8,80.285196921684,115.439959925525,0.00697210704008338
"698","narino-taminango",1883,3,480,6,112.6,0.9,37.4680351266002,116.259669698434,0.00321744474725761
"699","narino-tangua",528,1,198,7,69.2,0.5,97.2078741965106,185.032586365196,0.00784169972974527
"700","narino-tuquerres",1,1,1,4,484,3.8,10000,10000,NA
"701","narino-yacuanquer",732,1,261,7,80.7,0.6,72.934396368957,140.118066806448,0.00593542792641265
"702","nortedesantander-abrego",922,7,284,5,304.1,2.2,107.024717557324,1035.21457175381,0.00962831591616205
"703","nortedesantander-arboledas",46,2,26,7,80.7,0.6,708.884688090737,2918.51506489452,0.0502415458937198
"704","nortedesantander-bochalema",85,3,45,7,79.5,0.6,402.768166089965,664.371102654675,0.0288515406162465
"705","nortedesantander-bucarasica",1,1,1,7,38,0.3,10000,10000,NA
"706","nortedesantander-cachira",500,1,108,7,63.2,0.5,207.36,422.762907884552,0.0187735470941884
"707","nortedesantander-cacota",11,1,10,7,34.2,0.2,1074.38016528926,2833.89252524492,0.0181818181818182
"708","nortedesantander-chinacota",926,2,281,6,144.4,1.1,93.973475642467,3910.7236864524,0.00832642577782967
"709","nortedesantander-chitaga",10,2,10,6,108.5,0.8,1000,8340.30033029607,0
"710","nortedesantander-convencion",191,1,67,6,117.2,0.9,356.62399605274,574.851316527699,0.0305869385505649
"711","nortedesantander-cucutilla",6,1,6,7,64.3,0.5,1666.66666666667,2283.95061728395,0
"712","nortedesantander-durania",35,1,19,7,47.4,0.3,938.775510204082,1148.68823267842,0.0672268907563025
"713","nortedesantander-elcarmen",181,1,66,6,154.7,1.1,276.853575898172,643.853717181867,0.0222836095764273
"714","nortedesantander-eltarra",12,2,11,7,83.9,0.6,972.222222222222,6631.37881883194,0.0151515151515152
"715","nortedesantander-elzulia",1447,1,357,4,383.1,2.8,60.8030627435454,315.327204888709,0.00539294825656363
"716","nortedesantander-gramalote",5,1,4,7,35.4,0.3,2800,2708.22150582522,0.1
"717","nortedesantander-hacari",68,1,36,7,78.7,0.6,441.176470588235,2499.175071625,0.0298507462686567
"718","nortedesantander-herran",53,1,25,7,23.7,0.2,679.957280170879,897.66292291783,0.0500725689404935
"719","nortedesantander-labateca",28,1,14,7,42.7,0.3,1224.48979591837,1600.62717195606,0.0899470899470899
"720","nortedesantander-laesperanza",269,2,57,6,107.7,0.8,455.632177554207,418.234450008058,0.0420018864783887
"721","nortedesantander-laplayadebelen",739,1,190,6,147.9,1.1,99.6299354904865,167.153550708509,0.00862147999017203
"722","nortedesantander-lospatios",2292,2,574,4,517.8,3.8,32.7605846574625,92.8962286821875,0.00284099781907045
"723","nortedesantander-lourdes",6,1,5,7,30.4,0.2,2222.22222222222,2715.1471098609,0.0666666666666667
"724","nortedesantander-mutiscua",1,1,1,7,44.4,0.3,10000,10000,NA
"725","nortedesantander-ocana",1171,2,297,3,861.2,6.3,76.8282161924855,493.91574725305,0.00683468727875218
"726","nortedesantander-pamplona",1496,1,438,4,400.5,2.9,42.8504532586005,399.335602896505,0.0036190152558439
"727","nortedesantander-pamplonita",3,1,3,7,35.3,0.3,3333.33333333333,4086.26733729614,0
"728","nortedesantander-puertosantander",13,2,13,6,88.4,0.6,769.230769230769,2065.18230429042,0
"729","nortedesantander-ragonvalia",37,1,17,7,39.7,0.3,971.512052593134,933.200476004307,0.0720720720720721
"730","nortedesantander-salazardelaspalmas",21,1,11,7,79.6,0.6,1292.51700680272,1891.35481035942,0.0857142857142857
"731","nortedesantander-sancalixto",11,2,8,6,137.7,1,1404.95867768595,3035.09788214667,0.0545454545454545
"732","nortedesantander-sancayetano",27,3,24,7,78.7,0.6,452.674897119341,1082.65669943955,0.00854700854700855
"733","nortedesantander-sanjosedecucuta",9359,8,2545,2,7590,55.3,9.14170505945705,492.035100380913,0.000807407754343433
"734","nortedesantander-santiago",18,4,13,7,24.5,0.2,925.925925925926,5397.14492573818,0.0392156862745098
"735","nortedesantander-santodomigodesilos",5,2,4,7,24.5,0.2,2800,3721.9532458092,0.1
"736","nortedesantander-teorama",89,2,29,6,141.6,1,546.64815048605,2341.07387479739,0.0439223697650664
"737","nortedesantander-toledo",133,1,44,6,100.5,0.7,380.462434281192,679.711782505911,0.0307587149692413
"738","nortedesantander-villacaro",8,2,8,7,63.5,0.5,1250,3033.19896370265,0
"739","nortedesantander-villadelrosario",1222,2,448,3,546.4,4,64.261051481165,396.230385778162,0.00561236731449497
"740","otrospaises-otrasciudades",1,1,1,NA,NA,NA,10000,10000,NA
"741","putumayo-colon",68,4,42,7,35.2,1.1,346.020761245675,1957.85995424779,0.0201931518876207
"742","putumayo-orito",372,1,201,4,447.1,13.9,65.3254711527344,334.321999842472,0.00385473726922297
"743","putumayo-puertoasis",632,3,305,3,755.4,23.4,68.1481333119692,1588.99325474816,0.00524082729844129
"744","putumayo-puertocaicedo",797,3,251,7,86.4,2.7,74.9202231076701,186.291146695239,0.00624515299206194
"745","putumayo-puertoguzman",438,2,168,5,200,6.2,91.1156981714309,128.676399854795,0.0068440905718734
"746","putumayo-puertoleguizamo",715,2,352,6,140.8,4.4,45.2051445058438,273.724315735819,0.00312628547922666
"747","putumayo-sanmiguel(ladorada)",53,2,53,6,173.9,5.4,188.679245283019,1557.45015970315,0
"748","putumayo-sanmigueldemocoa",849,4,568,6,173.9,5.4,55.8406550490357,2550.35947040262,0.00441140520479143
"749","putumayo-santiago",1,1,1,7,51.6,1.6,10000,10000,NA
"750","putumayo-sibundoy",2,1,2,6,93.8,2.9,5000,5085.06616257089,0
"751","putumayo-valledelguamuez",1162,1,435,5,252.4,7.8,34.5122807433323,134.53535095501,0.00259287426561173
"752","putumayo-villagarzon",1,1,1,4,419.3,13,10000,10000,NA
"753","quindio-armenia",1052,12,348,2,4089.1,55.5,41.7817230262112,783.578288372427,0.00323067294230011
"754","quindio-buenavista",1,1,1,7,81.4,1.1,10000,10000,NA
"755","quindio-calarca",1872,4,343,3,805.1,10.9,82.9018737672584,1876.41728122888,0.00776014471899026
"756","quindio-circasia",608,3,234,5,317.7,4.3,64.6533067867036,318.822490354209,0.00482853550680656
"757","quindio-filandia",978,3,301,5,196.5,2.7,56.4567729308593,92.6945726897009,0.00462791442439922
"758","quindio-genova",599,3,164,6,127.7,1.7,115.523646812579,2237.9230703048,0.00989944221416966
"759","quindio-latebaida",528,2,115,4,425.9,5.8,205.607208448118,4575.71961607374,0.0187022022885401
"760","quindio-montenegro",941,2,258,4,493.6,6.7,97.2917544249961,1570.68150983742,0.00867569584190653
"761","quindio-pijao",289,2,131,6,111,1.5,129.189066222866,405.408035792346,0.00949154171472511
"762","quindio-quimbaya",894,2,186,4,523.8,7.1,149.567837284607,1824.08609578054,0.0138537118177423
"763","quindio-salento",658,2,223,6,100,1.4,104.766216128824,847.634124245264,0.00897049774927944
"764","risaralda-apia",26,5,26,5,187.9,1.5,384.615384615385,723.425343701039,0
"765","risaralda-balboa",211,3,66,5,241.9,1.9,275.600278520249,956.125337895792,0.0229293613179869
"766","risaralda-belendeumbria",3,2,3,4,362.7,2.9,3333.33333333333,4391.22793990248,0
"767","risaralda-dosquebradas",1407,2,323,2,2091.1,16.5,63.7840344424693,691.394951017011,0.00567170245096404
"768","risaralda-guatica",136,2,75,6,130.7,1,170.847750865052,1268.95654502853,0.00980392156862745
"769","risaralda-lacelia",48,3,43,6,94.9,0.7,251.736111111111,2300.02919765419,0.00443262411347518
"770","risaralda-lavirginia",1106,3,366,5,273,2.2,58.4678671981531,949.084316773401,0.00494710055395089
"771","risaralda-marsella",460,1,230,5,223,1.8,83.8374291115312,856.537830929875,0.0062233589087809
"772","risaralda-mistrato",277,3,133,6,121.8,1,152.354390126289,9677.05384215223,0.0116674514728195
"773","risaralda-pereira",5757,6,2122,2,7684.6,60.6,9.99214043342844,227.286980112616,0.000825655880389985
"774","risaralda-pueblorico",452,2,221,6,102.6,0.8,100.144882136424,1137.85591131928,0.00781939838706513
"775","risaralda-quinchia",58,1,48,5,238,1.9,285.374554102259,2380.51949135724,0.0114942528735632
"776","risaralda-santarosadecabal",232,3,125,3,727.1,5.7,136.741973840666,2868.11941483955,0.00940438871473354
"777","risaralda-santuario",230,1,88,5,195.5,1.5,187.901701323251,1577.72532638748,0.0145054110499335
"778","sanandres,providenciaysantacatalina-providencia",4,4,4,6,105.6,6.8,2500,6324.90892793201,0
"779","sanandres,providenciaysantacatalina-sanandres",4,2,2,6,105.6,6.8,6250,9108.46128839912,0.5
"780","santander-aguada",236,21,123,7,14.2,0,152.973283539213,538.813448499425,0.0111071042192571
"781","santander-albania",142,1,74,7,36.9,0.1,227.137472723666,438.675166331848,0.0157826390969933
"782","santander-barbosa",468,3,243,4,353.4,0.9,64.0112499086858,2837.44611363616,0.00427350427350427
"783","santander-barichara",664,5,217,6,126.9,0.3,100.8854695892,298.450501313855,0.00859546784422759
"784","santander-barrancabermeja",2848,5,956,1,9426.2,23.8,25.7375568110087,425.918857615704,0.00222341277828426
"785","santander-betulia",59,1,37,6,146.2,0.4,341.855788566504,756.121067049436,0.0175336060783168
"786","santander-bolivar",175,2,105,6,113.8,0.3,152.489795918367,768.311957003828,0.00958949096880131
"787","santander-bucaramanga",8572,16,2641,1,12049.2,30.4,10.3003321321587,2007.93502687543,0.000913480889474556
"788","santander-cabrera",279,2,95,7,18.2,0,224.688788684626,459.419262375615,0.0189525798715866
"789","santander-california",75,1,38,7,15.7,0,378.666666666667,596.816823680965,0.0248648648648649
"790","santander-capitanejo",513,1,121,7,57.2,0.1,169.434849849336,427.590216738488,0.0150234527290448
"791","santander-carcasi",32,1,22,6,99,0.2,722.65625,706.202744024212,0.0423387096774194
"792","santander-cepita",5,1,5,7,13.3,0,2000,2115.3724393889,0
"793","santander-cerrito",1,1,1,6,116.3,0.3,10000,10000,NA
"794","santander-charala",301,1,139,6,101.3,0.3,143.375900928246,626.183414596407,0.0110520487264673
"795","santander-charta",70,1,39,7,18.1,0,351.020408163265,653.586533853813,0.0211180124223602
"796","santander-chima",147,1,74,6,112,0.3,220.741357767597,336.416972874059,0.0153760134190663
"797","santander-chipata",141,3,51,7,35.8,0.1,296.262763442483,534.875210179684,0.0226950354609929
"798","santander-cimitarra",265,3,127,3,560.2,1.4,210.039159843361,1831.2179853179,0.0172955974842767
"799","santander-concepcion",633,2,226,6,157.2,0.4,97.4571300934141,386.744067028414,0.00817885496030556
"800","santander-confines",35,1,26,7,46,0.1,432.65306122449,1583.28353709767,0.0151260504201681
"801","santander-contratacion",460,2,185,7,36,0.1,133.081285444234,328.755462441892,0.0111584730510562
"802","santander-coromoro",269,1,130,7,50.8,0.1,124.790978565802,399.757046653603,0.00879431837097043
"803","santander-curiti",156,1,92,5,203,0.5,160.25641025641,1293.17421911366,0.00967741935483871
"804","santander-elcarmendechucuri",592,2,241,5,272,0.7,66.8827611395179,358.171130962945,0.00500754561668267
"805","santander-elguacamayo",162,2,75,7,23.9,0.1,247.675659198293,472.917154905133,0.0187102216087723
"806","santander-elpenon",250,1,106,7,40.3,0.1,145.92,379.381660568728,0.0106345381526104
"807","santander-elplayon",555,2,210,6,153.2,0.4,84.9606363119877,363.93737140183,0.00670634533450418
"808","santander-encino",1,1,1,7,28.6,0.1,10000,10000,NA
"809","santander-enciso",117,1,44,7,29,0.1,374.753451676529,785.024209337901,0.0291777188328912
"810","santander-florian",369,3,148,7,50.8,0.1,126.541373814822,801.425602398713,0.00997113232001885
"811","santander-floridablanca",1267,2,528,2,2669.3,6.7,40.086239923154,448.1789508447,0.00322190094649575
"812","santander-galan",267,1,124,7,35.8,0.1,156.125068383622,465.984987539804,0.0119118019768522
"813","santander-gambita",1,1,1,7,37.7,0.1,10000,10000,NA
"814","santander-giron",1444,3,425,2,2334.1,5.9,46.0977125712663,522.476741643026,0.0039199651388017
"815","santander-guaca",384,2,173,6,92.6,0.2,100.233289930556,290.225380073082,0.00743853350739774
"816","santander-guadalupe",327,1,143,7,68.6,0.2,121.856559025148,370.236634169669,0.00915555055252247
"817","santander-guapota",193,2,102,7,25.7,0.1,166.715884990201,440.454800823562,0.0115500863557858
"818","santander-guavata",142,1,66,7,35.5,0.1,230.113072803015,378.844380852277,0.0160823094595944
"819","santander-guepsa",301,2,99,7,38.2,0.1,209.600335537135,612.867589678426,0.0176965669988926
"820","santander-hato",12,1,10,7,50.9,0.1,1111.11111111111,3861.002454986,0.0303030303030303
"821","santander-jesusmaria",1,1,1,7,34.5,0.1,10000,10000,NA
"822","santander-labelleza",332,2,180,7,75.2,0.2,81.4704601538685,287.186757495046,0.00515051141120373
"823","santander-landazuri",532,4,232,5,185.6,0.5,79.7105545819436,174.767612001463,0.00610282769069567
"824","santander-lapaz",277,3,101,7,53.5,0.1,275.12413820068,1379.03131775928,0.0239889080730393
"825","santander-lebrija",1027,3,368,3,694.3,1.8,64.0069629260218,167.310037247374,0.00543227591861836
"826","santander-lossantos",266,1,131,5,247.4,0.6,120.696478037198,5490.21874776437,0.0083416087388282
"827","santander-malaga",429,3,151,5,187.1,0.5,148.173504816861,2019.17782139767,0.0125155218613163
"828","santander-matanza",147,1,69,7,73.8,0.2,267.01837197464,430.14963729368,0.0200354114248439
"829","santander-mogotes",499,1,178,6,98.6,0.2,129.276589250646,354.987322584545,0.0109455859510185
"830","santander-molagavita",201,1,107,7,53.8,0.1,145.293433330858,252.420313929914,0.00960199004975124
"831","santander-ocamonte",200,1,100,7,61,0.2,167.5,350.48212031542,0.0118090452261307
"832","santander-oiba",231,1,86,6,116.9,0.3,392.608834167276,3079.57464965425,0.0350837568228873
"833","santander-onzaga",293,1,116,7,45.4,0.1,147.584712693217,281.727545810013,0.0113843564449016
"834","santander-palmasdelsocorro",5,1,3,7,34.9,0.1,4400,5495.99043760152,0.3
"835","santander-paramo",206,2,93,6,169.4,0.4,188.519181826751,514.207678695516,0.0140658299786881
"836","santander-piedecuesta",634,2,275,2,1705.5,4.3,76.2272487535949,1109.32024441874,0.00605498826378818
"837","santander-pinchote",3,1,3,7,69.3,0.2,3333.33333333333,3877.55102040816,0
"838","santander-puentenacional",810,3,293,6,107.4,0.3,57.7351013565005,91.955201407344,0.00454455279341971
"839","santander-puertoparra",160,3,86,6,126.1,0.3,176.5625,220.385220412911,0.0114779874213836
"840","santander-puertowilches",182,1,87,3,683.9,1.7,147.92899408284,227.488997558177,0.0093497662558436
"841","santander-rionegro",508,2,207,3,763.1,1.9,90.4426808853618,379.669806668093,0.00708972029383901
"842","santander-sabanadetorres",776,2,225,4,427.7,1.1,82.5340099904347,247.925786569062,0.00697372796807449
"843","santander-sanandres",334,3,135,6,114.5,0.3,146.114955717308,8617.14196133299,0.0116523709338081
"844","santander-sanbenito",230,1,82,7,30.9,0.1,227.977315689981,437.461900408247,0.0185304727548889
"845","santander-sangil",2,2,2,3,655.5,1.7,5000,5131.18597398883,0
"846","santander-sanjoaquin",111,1,50,7,22,0.1,338.446554662771,529.931706008809,0.0250614250614251
"847","santander-sanjosedemiranda",188,2,98,7,40.2,0.1,217.858759619737,5270.43232319025,0.0165547843895779
"848","santander-sanmiguel",122,2,60,6,93,0.2,290.244557914539,365.123771076937,0.0209998645170031
"849","santander-santabarbara",87,2,59,7,31,0.1,223.279165015194,478.640083890252,0.0109596364608393
"850","santander-sanvicentedechucuri",219,4,142,4,455.2,1.1,95.285753007652,3663.18836449424,0.00498512839847514
"851","santander-simacota",331,2,152,7,82.7,0.2,119.294274422468,520.618950215624,0.00893527419207178
"852","santander-socorro",874,2,281,4,393.1,1,86.3229110483901,784.283003809509,0.00749670380942645
"853","santander-suaita",302,2,145,5,312.4,0.8,128.94171308276,872.304399282871,0.00961474995049614
"854","santander-sucre",139,4,72,7,65.9,0.2,194.089332850267,411.131274313344,0.0123032009175268
"855","santander-surata",357,2,129,7,30.9,0.1,127.188130154022,201.79081963035,0.00994555125420955
"856","santander-tona",1,1,1,4,464.4,1.2,10000,10000,NA
"857","santander-valledesanjose",278,1,85,6,166.6,0.4,341.079654262202,462.12686599597,0.0306209905721632
"858","santander-velez",425,3,150,5,195.7,0.5,128.055363321799,1004.99882332811,0.0104772475027747
"859","santander-vetas",42,3,25,7,25.1,0.1,555.555555555556,682.532926254037,0.032520325203252
"860","santander-villanueva",699,3,193,6,128.6,0.3,102.639986410179,247.589053619352,0.00884603875368414
"861","sucre-buenavista",620,6,212,7,60.1,1,103.12174817898,252.812405033685,0.00871332534264422
"862","sucre-caimito",326,1,130,7,66.2,1.1,151.868719184011,5964.99861858657,0.0121566776781501
"863","sucre-coloso",666,2,178,7,43.7,0.7,147.805463120778,203.720734411479,0.0132990132990133
"864","sucre-corozal",2040,4,468,4,345.1,5.6,50.7881584006151,1915.37675709407,0.00459087018819298
"865","sucre-covenas",2,2,2,6,146.5,2.4,5000,9052.13804932267,0
"866","sucre-elroble",57,3,42,7,45.1,0.7,317.020621729763,810.347987439558,0.0144110275689223
"867","sucre-galeras",1793,3,379,6,127.4,2.1,67.614373178958,155.089858315633,0.00620717472711338
"868","sucre-guaranda",274,2,116,6,112.5,1.8,141.989450689967,342.813059044369,0.0105879521937916
"869","sucre-lospalmitos",979,3,205,6,120.1,2,93.7459895809966,216.049435945022,0.00836168955008136
"870","sucre-majagual",424,2,131,5,194.7,3.2,138.950694197223,589.393168874946,0.0115638520897453
"871","sucre-morroa",907,1,209,7,75.8,1.2,103.725890385815,184.361843187096,0.00928028505297283
"872","sucre-ovejas",244,1,76,6,125.4,2,401.437785541521,1317.92979519404,0.0361937529514943
"873","sucre-palmito",6,2,6,7,68.9,1.1,1666.66666666667,6476.74054075151,0
"874","sucre-sampues",1353,1,270,5,199.3,3.3,74.5817375529127,117.213217014392,0.00672404518558365
"875","sucre-sanbenitoabad",769,1,351,6,119.8,2,43.8141845674639,359.834241373501,0.00308504009536194
"876","sucre-sanjuandebetulia",6,2,6,7,64.6,1.1,1666.66666666667,2512.01674893799,0
"877","sucre-sanmarcos",2984,2,804,5,323.5,5.3,26.4592572360902,1357.22649431656,0.00231157973826662
"878","sucre-sanonofre",7,2,6,5,246.9,4,1836.73469387755,6454.46462415742,0.0476190476190476
"879","sucre-sanpedro",166,1,62,6,92.1,1.5,287.414719117434,2649.51258833068,0.0228550565899963
"880","sucre-santiagodetolu",6,2,6,5,221.8,3.6,1666.66666666667,3626.20903891555,0
"881","sucre-since",429,2,138,2,2705.1,44.1,208.703495416782,2870.55490849832,0.0185826634424765
"882","sucre-sincelejo",1545,7,418,2,2705.1,44.1,104.845990301735,770.326198387578,0.00984372117980448
"883","sucre-sucre",296,17,153,6,109.2,1.8,96.1011687363039,246.606890191268,0.00625286303252405
"884","sucre-toluviejo",508,2,112,5,236.6,3.9,140.352780705561,411.224887933857,0.0120905744770069
"885","tolima-alpujarra",141,19,86,7,57.7,0.3,189.628288315477,292.008038335112,0.0119554204660588
"886","tolima-alvarado",1,1,1,6,129.4,0.7,10000,10000,NA
"887","tolima-ambalema",287,4,147,6,127.3,0.7,110.35705180347,324.023357562939,0.00757778806559294
"888","tolima-anzoategui",2,2,2,6,138.4,0.8,5000,5892.02715035392,0
"889","tolima-armero",1171,1,336,6,164.5,0.9,70.3960864647425,1083.25004460164,0.0061909245513003
"890","tolima-ataco",96,1,48,5,231.3,1.3,514.322916666667,3475.7214272397,0.0414473684210526
"891","tolima-cajamarca",312,4,126,5,264.8,1.5,161.489151873767,1770.29611108556,0.0129854068760821
"892","tolima-carmendeapicala",497,3,190,7,74.6,0.4,122.465173333765,168.397688115022,0.0102550788602583
"893","tolima-casabianca",1,1,1,7,62.1,0.3,10000,10000,NA
"894","tolima-chaparral",2,2,2,4,376.1,2.1,5000,6440.9972299169,0
"895","tolima-coello",277,1,138,5,226.8,1.3,122.63941925478,165.011841385061,0.00868518809187464
"896","tolima-coyaima",479,1,173,5,190,1.1,135.067402948906,1509.96544197498,0.0114429468645452
"897","tolima-cunday",178,5,81,7,84.9,0.5,174.220426713799,247.174693743611,0.0118707547768679
"898","tolima-dolores",228,1,86,7,83.3,0.5,196.598953524161,385.419250202553,0.0153412164773166
"899","tolima-elespinal",989,4,327,2,1846.1,10.2,70.2469326392134,679.63441716154,0.0060196575283585
"900","tolima-elguamo",1136,2,259,4,408.6,2.3,74.3435082324935,271.34564400285,0.00655984364335795
"901","tolima-ellibano",2275,3,541,4,434.1,2.4,74.5397898804492,365.732491387043,0.00701750316526042
"902","tolima-falan",305,4,128,6,91.4,0.5,132.330018812147,199.160599724489,0.00998705780845557
"903","tolima-flandes",296,3,177,5,220.2,1.2,77.6113951789628,161.009842814813,0.00439761795693999
"904","tolima-fresno",2021,3,386,4,336.8,1.9,52.8517855931815,193.452775678229,0.00479274547939702
"905","tolima-guayabal",2,1,2,4,408.6,2.3,5000,5312.5,0
"906","tolima-herveo",118,2,59,6,98,0.5,251.364550416547,477.797245649923,0.0168042879907287
"907","tolima-honda",441,3,199,5,184.6,1,69.4669402152395,1135.99774615432,0.00468975468975469
"908","tolima-ibague",5643,11,2128,2,7636.5,42.2,14.982987552636,132.273963090843,0.0013213222041745
"909","tolima-icononzo",324,4,129,6,94.8,0.5,159.465020576132,306.713900726196,0.0128998968008256
"910","tolima-lerida",3507,3,818,5,259.1,1.4,29.1298945146084,104.481092059943,0.00262859498182349
"911","tolima-melgar",1559,2,550,3,620.1,3.4,38.901764712417,334.786308540563,0.00325082485151849
"912","tolima-murillo",22,3,18,7,49.3,0.3,619.834710743802,937.649370258064,0.0173160173160173
"913","tolima-ortega",841,2,316,5,231.7,1.3,69.208702057598,224.471544932315,0.00573863314648095
"914","tolima-palocabildo",250,2,98,6,88.8,0.5,174.4,337.858750494818,0.0134939759036145
"915","tolima-piedras",6,2,6,6,137.8,0.8,1666.66666666667,2281.31431264449,0
"916","tolima-planadas",735,1,326,4,359.8,2,53.403674394928,293.768722373985,0.00398524532428775
"917","tolima-prado",156,3,80,6,152.1,0.8,200.525969756739,950.605001857643,0.0137303556658395
"918","tolima-purificacion",4188,4,628,4,391.8,2.2,41.6184322515141,116.002907018614,0.00392400272914595
"919","tolima-rioblanco",279,3,135,5,200.7,1.1,169.704911293534,444.004420414499,0.0134344137593151
"920","tolima-roncesvalles",158,2,74,7,82.4,0.5,194.680339689152,799.270521426731,0.0132226074336854
"921","tolima-rovira",202,1,124,5,220.7,1.2,99.9901970395059,181.652412182851,0.00507364169252746
"922","tolima-saldana",389,4,132,5,294.2,1.6,131.178091606585,7843.17427503111,0.0105742983595261
"923","tolima-sanantonio",158,2,90,6,124.5,0.7,163.435346899535,984.164740962953,0.0100782068854309
"924","tolima-sanluis",2,1,2,6,120,0.7,5000,9217.7571618135,0
"925","tolima-sansebastiandemariquita",973,2,398,4,397.1,2.2,47.9229008512468,271.140679601908,0.00376841384035629
"926","tolima-santaisabel",187,1,80,7,87,0.5,199.31939718036,429.460139912097,0.0146627565982405
"927","tolima-suarez",58,2,35,7,41.7,0.2,350.77288941736,560.95488506041,0.0181488203266788
"928","tolima-valledesanjuan",364,1,147,7,79.9,0.4,123.777321579519,179.578737652627,0.00965700965700966
"929","tolima-venadillo",221,1,145,5,268.4,1.5,101.758768247988,7495.48409759561,0.00567667626491156
"930","tolima-villahermosa",334,1,118,6,111.5,0.6,184.839901036251,617.578631618777,0.0155364945784107
"931","tolima-villarrica",6,1,6,7,64.6,0.4,1666.66666666667,4031.9465643299,0
"932","valledelcauca-alcala",211,18,103,5,231.7,0.3,194.739561105995,1611.90329381316,0.0148047844730309
"933","valledelcauca-andalucia",1115,1,196,5,256.7,0.4,96.9977276840475,202.178145707796,0.0088108138570658
"934","valledelcauca-ansermanuevo",56,1,35,5,270.3,0.4,395.408163265306,1872.85496474517,0.0220779220779221
"935","valledelcauca-argelia",88,1,29,6,174.3,0.2,462.293388429752,1769.55105451424,0.0352664576802508
"936","valledelcauca-bolivar",1,1,1,5,214.3,0.3,10000,10000,NA
"937","valledelcauca-buenaventura",615,4,331,2,3234.7,4.6,90.4488069270937,731.35105564078,0.00743094727364212
"938","valledelcauca-bugalagrande",696,2,160,3,855.9,1.2,116.759149161052,179.307916716439,0.010253865872819
"939","valledelcauca-caicedonia",20,6,16,3,579.7,0.8,1000,2692.57986640143,0.0526315789473684
"940","valledelcauca-cali",13401,20,1864,1,32558.6,46.2,408.0591089765,996.14122308652,0.0407343292492095
"941","valledelcauca-calima",264,5,135,5,242.6,0.3,132.575757575758,319.167491052072,0.00950570342205323
"942","valledelcauca-candelaria",2275,1,560,2,1706.4,2.4,34.9967395242121,47.6495991812765,0.00306145920921647
"943","valledelcauca-cartago",301,2,138,2,1830.7,2.6,285.537687221995,2258.21135885342,0.0253156146179402
"944","valledelcauca-dagua",189,2,150,3,530.1,0.8,85.9438425575992,4799.74188038163,0.00332095012946077
"945","valledelcauca-elaguila",287,1,81,6,161.8,0.2,313.831659969163,4026.02311627773,0.0279963938500524
"946","valledelcauca-elcairo",50,1,24,5,280.6,0.4,1376,3045.55455531348,0.12
"947","valledelcauca-elcerrito",286,2,99,3,817.7,1.2,177.025771431366,1687.0100532333,0.0142559195190774
"948","valledelcauca-eldovio",160,1,88,6,120.6,0.2,178.90625,870.411726812849,0.0117138364779874
"949","valledelcauca-florida",1140,3,367,4,479.5,0.7,48.5380116959064,105.413910892284,0.00398009950248756
"950","valledelcauca-ginebra",292,1,136,5,269.2,0.4,116.813661099643,514.513916466043,0.00828508214470649
"951","valledelcauca-guacari",103,2,60,5,309.1,0.4,261.09906683005,2391.37325702848,0.0165619645916619
"952","valledelcauca-guadalajaradebuga",30,3,26,2,2771.6,3.9,444.444444444445,3072.09182137743,0.0114942528735632
"953","valledelcauca-jamundi",314,1,122,2,1556.7,2.2,146.45624568948,1790.3111048226,0.0114975275228424
"954","valledelcauca-lacumbre",404,2,120,6,103.2,0.1,172.287030683266,1878.76287840724,0.0147900646144019
"955","valledelcauca-launion",1589,2,468,5,317.9,0.5,38.2546622250756,57.7926498902679,0.00319815228436052
"956","valledelcauca-lavictoria",138,1,66,6,144.7,0.2,299.306868304978,9621.36080327357,0.0228498889241511
"957","valledelcauca-obando",356,1,182,5,185.8,0.3,87.8992551445525,1571.64980302146,0.00599778445956639
"958","valledelcauca-palmira",2796,2,593,2,4660.7,6.6,31.3190108084101,287.781040368826,0.00277523986476976
"959","valledelcauca-pradera",890,1,379,3,619.8,0.9,40.9796742835501,1405.022734774,0.00297771767293133
"960","valledelcauca-restrepo",3,1,3,5,234,0.3,3333.33333333333,4066.59854693724,0
"961","valledelcauca-riofrio",472,1,198,4,440.8,0.6,76.0377765010055,200.073963678552,0.00549677930116233
"962","valledelcauca-roldanillo",571,1,214,4,391,0.6,197.674525596474,1826.25304560003,0.0180477463360678
"963","valledelcauca-sanpedro",981,1,136,5,279.2,0.4,183.33037186669,459.505350494597,0.0173313362042065
"964","valledelcauca-sevilla",780,1,222,3,739,1,92.2419460880999,1259.6921450498,0.00795233863269807
"965","valledelcauca-trujillo",998,1,317,4,490.6,0.7,56.3250749996988,138.360117945238,0.00463514792875621
"966","valledelcauca-tulua",518,4,350,2,2714.2,3.9,60.8965280779953,2251.13281018608,0.00416719565655736
"967","valledelcauca-versalles",175,3,71,6,120.6,0.2,245.224489795918,509.477493093252,0.0189162561576355
"968","valledelcauca-vijes",765,1,127,6,114.6,0.2,175.265923362809,194.343016864892,0.0162406323786059
"969","valledelcauca-yotoco",511,2,175,4,347.6,0.5,96.0857227109271,1130.01697109159,0.00766662829515368
"970","valledelcauca-yumbo",2355,2,887,2,7958.9,11.3,18.793640490261,93.8601920247594,0.00145535358345645
"971","valledelcauca-zarzal",1,1,1,3,880,1.2,10000,10000,NA
"972","vaupes-caruru",211,1,141,7,72.6,15,82.4330091417533,127.984522484695,0.0035206499661476
"973","vaupes-mitu",2265,1,642,5,313.6,64.6,68.9657861009995,1472.34071693582,0.00645792868899133
"974","vaupes-taraira",29,1,24,7,74,15.2,463.733650416171,743.055315583745,0.0123152709359606
"975","vichada-cumaribo",457,1,156,3,561.3,57.4,135.265191597757,349.328453847598,0.0113632001228454
"976","vichada-laprimavera",532,1,159,6,131.4,13.4,135.606874328679,251.465861777407,0.0117029862792575
"977","vichada-puertocarreno",2875,1,546,5,257.4,26.3,42.8703213610586,229.763606883461,0.00394057668451787
"978","vichada-santarosalia",289,1,66,7,27.9,2.9,257.061098406389,222.482562689363,0.0223231449442522
